-- =============================================
-- University Database - Data Population Script
-- SQL Server (T-SQL) | April 2026
-- Order: Departments > Instructors > Courses > Students > Enrollments
-- =============================================

USE TestDB;
GO

-- =============================================
-- SECTION 1: DEPARTMENTS (10 departments)
-- =============================================
INSERT INTO dbo.Department (DepartmentID, DepartmentName) VALUES
(1,  'Computer Science'),
(2,  'Mathematics'),
(3,  'Physics'),
(4,  'Chemistry'),
(5,  'Biology'),
(6,  'English Literature'),
(7,  'History'),
(8,  'Business Administration'),
(9,  'Mechanical Engineering'),
(10, 'Psychology');
GO

-- =============================================
-- SECTION 2: INSTRUCTORS (35 instructors, max 4 per dept)
-- =============================================
INSERT INTO dbo.Instructors (InstructorID, Name, DepartmentID) VALUES
-- Computer Science (4)
(1,  'Dr. James Okonkwo',       1),
(2,  'Prof. Sarah Chen',        1),
(3,  'Dr. Michael Torres',      1),
(4,  'Prof. Aisha Patel',       1),
-- Mathematics (4)
(5,  'Dr. Robert Muller',       2),
(6,  'Prof. Yuki Tanaka',       2),
(7,  'Dr. Emmanuel Adeyemi',    2),
(8,  'Prof. Laura Fitzgerald',  2),
-- Physics (3)
(9,  'Dr. Dmitri Volkov',       3),
(10, 'Prof. Ngozi Williams',    3),
(11, 'Dr. Carlos Mendez',       3),
-- Chemistry (3)
(12, 'Dr. Hannah Kim',          4),
(13, 'Prof. Rajesh Sharma',     4),
(14, 'Dr. Fatima Al-Hassan',    4),
-- Biology (4)
(15, 'Dr. Thomas Eriksson',     5),
(16, 'Prof. Amara Diallo',      5),
(17, 'Dr. Sophie Laurent',      5),
(18, 'Prof. David Osei',        5),
-- English Literature (3)
(19, 'Dr. Margaret Sullivan',   6),
(20, 'Prof. Kwame Asante',      6),
(21, 'Dr. Elena Popescu',       6),
-- History (3)
(22, 'Dr. Ahmed Khalil',        7),
(23, 'Prof. Patricia Nwosu',    7),
(24, 'Dr. Benjamin Larsson',    7),
-- Business Administration (4)
(25, 'Dr. Jennifer Wong',       8),
(26, 'Prof. Olumide Adebayo',   8),
(27, 'Dr. Isabella Romano',     8),
(28, 'Prof. Marcus Thompson',   8),
-- Mechanical Engineering (4)
(29, 'Dr. Hiroshi Yamamoto',    9),
(30, 'Prof. Chioma Okafor',     9),
(31, 'Dr. Stefan Hoffmann',     9),
(32, 'Prof. Priya Nair',        9),
-- Psychology (3)
(33, 'Dr. Olivia Mensah',       10),
(34, 'Prof. Daniel Reyes',      10),
(35, 'Dr. Nadia Johansson',     10);
GO

-- =============================================
-- SECTION 3: COURSES (30 courses, 3 per dept)
-- =============================================
INSERT INTO dbo.Courses (CourseID, CourseName, InstructorID, Credits) VALUES
-- Computer Science
(1,  'Introduction to Programming',    1,  3),
(2,  'Data Structures and Algorithms', 2,  4),
(3,  'Database Management Systems',    3,  3),
-- Mathematics
(4,  'Calculus I',                     5,  4),
(5,  'Linear Algebra',                 6,  3),
(6,  'Discrete Mathematics',           7,  3),
-- Physics
(7,  'Classical Mechanics',            9,  4),
(8,  'Electromagnetism',               10, 4),
(9,  'Quantum Physics',                11, 3),
-- Chemistry
(10, 'General Chemistry I',            12, 4),
(11, 'Organic Chemistry',              13, 4),
(12, 'Biochemistry',                   14, 3),
-- Biology
(13, 'Cell Biology',                   15, 3),
(14, 'Genetics',                       16, 4),
(15, 'Human Anatomy',                  17, 4),
-- English Literature
(16, 'Introduction to Literature',     19, 3),
(17, 'Creative Writing',               20, 3),
(18, 'World Literature',               21, 3),
-- History
(19, 'World History I',                22, 3),
(20, 'African History',                23, 3),
(21, 'Modern European History',        24, 3),
-- Business Administration
(22, 'Principles of Management',       25, 3),
(23, 'Financial Accounting',           26, 4),
(24, 'Marketing Fundamentals',         27, 3),
-- Mechanical Engineering
(25, 'Engineering Mechanics',          29, 4),
(26, 'Thermodynamics',                 30, 4),
(27, 'Fluid Mechanics',                31, 3),
-- Psychology
(28, 'Introduction to Psychology',     33, 3),
(29, 'Cognitive Psychology',           34, 3),
(30, 'Social Psychology',              35, 3);
GO

-- =============================================
-- SECTION 4: STUDENTS (150 students)
-- Diverse names across cultures
-- Departments distributed across all 10
-- Students 121-150 are newly admitted (no enrollments)
-- =============================================
INSERT INTO dbo.Students (StudentID, First_Name, Last_Name, Email, DepartmentID) VALUES
(1,   'Chidi',      'Okeke',        'chidi.okeke@university.edu',         1),
(2,   'Amina',      'Hassan',       'amina.hassan@university.edu',         2),
(3,   'Lucas',      'Ferreira',     'lucas.ferreira@university.edu',       3),
(4,   'Yewande',    'Adeyemi',      'yewande.adeyemi@university.edu',      4),
(5,   'James',      'Mitchell',     'james.mitchell@university.edu',       5),
(6,   'Mei',        'Zhang',        'mei.zhang@university.edu',            6),
(7,   'Kofi',       'Mensah',       'kofi.mensah@university.edu',          7),
(8,   'Sofia',      'Rossi',        'sofia.rossi@university.edu',          8),
(9,   'Arjun',      'Patel',        'arjun.patel@university.edu',          9),
(10,  'Fatou',      'Diallo',       'fatou.diallo@university.edu',         10),
(11,  'Oliver',     'Williams',     'oliver.williams@university.edu',      1),
(12,  'Zara',       'Ahmed',        'zara.ahmed@university.edu',           2),
(13,  'Rafael',     'Santos',       'rafael.santos@university.edu',        3),
(14,  'Blessing',   'Okafor',       'blessing.okafor@university.edu',      4),
(15,  'Emma',       'Johnson',      'emma.johnson@university.edu',         5),
(16,  'Hiroshi',    'Nakamura',     'hiroshi.nakamura@university.edu',     6),
(17,  'Tunde',      'Bello',        'tunde.bello@university.edu',          7),
(18,  'Anna',       'Kowalski',     'anna.kowalski@university.edu',        8),
(19,  'Vikram',     'Singh',        'vikram.singh@university.edu',         9),
(20,  'Nkechi',     'Eze',          'nkechi.eze@university.edu',           10),
(21,  'Thomas',     'Brown',        'thomas.brown@university.edu',         1),
(22,  'Layla',      'Ibrahim',      'layla.ibrahim@university.edu',        2),
(23,  'Pedro',      'Alvarez',      'pedro.alvarez@university.edu',        3),
(24,  'Chiamaka',   'Nwosu',        'chiamaka.nwosu@university.edu',       4),
(25,  'Charlotte',  'Davies',       'charlotte.davies@university.edu',     5),
(26,  'Kenji',      'Watanabe',     'kenji.watanabe@university.edu',       6),
(27,  'Emeka',      'Obi',          'emeka.obi@university.edu',            7),
(28,  'Maria',      'Garcia',       'maria.garcia@university.edu',         8),
(29,  'Ravi',       'Kumar',        'ravi.kumar@university.edu',           9),
(30,  'Adaeze',     'Chukwu',       'adaeze.chukwu@university.edu',        10),
(31,  'Liam',       'Taylor',       'liam.taylor@university.edu',          1),
(32,  'Hana',       'Al-Rashid',    'hana.alrashid@university.edu',        2),
(33,  'Diego',      'Herrera',      'diego.herrera@university.edu',        3),
(34,  'Ngozi',      'Okonkwo',      'ngozi.okonkwo@university.edu',        4),
(35,  'Grace',      'Wilson',       'grace.wilson@university.edu',         5),
(36,  'Yuki',       'Sato',         'yuki.sato@university.edu',            6),
(37,  'Babatunde',  'Afolabi',      'babatunde.afolabi@university.edu',    7),
(38,  'Francesca',  'Conti',        'francesca.conti@university.edu',      8),
(39,  'Aditya',     'Sharma',       'aditya.sharma@university.edu',        9),
(40,  'Chisom',     'Igwe',         'chisom.igwe@university.edu',          10),
(41,  'Noah',       'Anderson',     'noah.anderson@university.edu',        1),
(42,  'Samira',     'Malik',        'samira.malik@university.edu',         2),
(43,  'Mateus',     'Oliveira',     'mateus.oliveira@university.edu',      3),
(44,  'Adunola',    'Fashola',      'adunola.fashola@university.edu',      4),
(45,  'Isabella',   'Thompson',     'isabella.thompson@university.edu',    5),
(46,  'Takeshi',    'Ito',          'takeshi.ito@university.edu',          6),
(47,  'Seun',       'Adeleke',      'seun.adeleke@university.edu',         7),
(48,  'Valentina',  'Moreno',       'valentina.moreno@university.edu',     8),
(49,  'Karan',      'Mehta',        'karan.mehta@university.edu',          9),
(50,  'Obiageli',   'Nwachukwu',    'obiageli.nwachukwu@university.edu',   10),
(51,  'Ethan',      'Harris',       'ethan.harris@university.edu',         1),
(52,  'Nour',       'Khalil',       'nour.khalil@university.edu',          2),
(53,  'Caio',       'Barbosa',      'caio.barbosa@university.edu',         3),
(54,  'Toyin',      'Adesanya',     'toyin.adesanya@university.edu',       4),
(55,  'Hannah',     'Martin',       'hannah.martin@university.edu',        5),
(56,  'Rin',        'Yoshida',      'rin.yoshida@university.edu',          6),
(57,  'Damilola',   'Oduya',        'damilola.oduya@university.edu',       7),
(58,  'Giulia',     'Ferrari',      'giulia.ferrari@university.edu',       8),
(59,  'Siddharth',  'Rao',          'siddharth.rao@university.edu',        9),
(60,  'Adaora',     'Nwofor',       'adaora.nwofor@university.edu',        10),
(61,  'Mason',      'Jackson',      'mason.jackson@university.edu',        1),
(62,  'Yasmin',     'Saleh',        'yasmin.saleh@university.edu',         2),
(63,  'Bruno',      'Costa',        'bruno.costa@university.edu',          3),
(64,  'Folake',     'Badmus',       'folake.badmus@university.edu',        4),
(65,  'Sophia',     'Clark',        'sophia.clark@university.edu',         5),
(66,  'Haruto',     'Kobayashi',    'haruto.kobayashi@university.edu',     6),
(67,  'Rotimi',     'Akintola',     'rotimi.akintola@university.edu',      7),
(68,  'Elena',      'Russo',        'elena.russo@university.edu',          8),
(69,  'Pranav',     'Joshi',        'pranav.joshi@university.edu',         9),
(70,  'Uchenna',    'Obi',          'uchenna.obi@university.edu',          10),
(71,  'Logan',      'White',        'logan.white@university.edu',          1),
(72,  'Mariam',     'Yusuf',        'mariam.yusuf@university.edu',         2),
(73,  'Felipe',     'Lima',         'felipe.lima@university.edu',          3),
(74,  'Oluwaseun',  'Akinwale',     'oluwaseun.akinwale@university.edu',   4),
(75,  'Ava',        'Robinson',     'ava.robinson@university.edu',         5),
(76,  'Sakura',     'Fujita',       'sakura.fujita@university.edu',        6),
(77,  'Gbenga',     'Olawale',      'gbenga.olawale@university.edu',       7),
(78,  'Chiara',     'Esposito',     'chiara.esposito@university.edu',      8),
(79,  'Ankit',      'Gupta',        'ankit.gupta@university.edu',          9),
(80,  'Ifeoma',     'Okafor',       'ifeoma.okafor@university.edu',        10),
(81,  'Aiden',      'Lewis',        'aiden.lewis@university.edu',          1),
(82,  'Dina',       'Mansour',      'dina.mansour@university.edu',         2),
(83,  'Gustavo',    'Pereira',      'gustavo.pereira@university.edu',      3),
(84,  'Titilayo',   'Ogundimu',     'titilayo.ogundimu@university.edu',    4),
(85,  'Mia',        'Walker',       'mia.walker@university.edu',           5),
(86,  'Ryota',      'Hashimoto',    'ryota.hashimoto@university.edu',      6),
(87,  'Kayode',     'Salako',       'kayode.salako@university.edu',        7),
(88,  'Alessia',    'Marini',       'alessia.marini@university.edu',       8),
(89,  'Rohan',      'Desai',        'rohan.desai@university.edu',          9),
(90,  'Amaka',      'Onyekachi',    'amaka.onyekachi@university.edu',      10),
(91,  'Lucas',      'Hall',         'lucas.hall@university.edu',           1),
(92,  'Rania',      'Omar',         'rania.omar@university.edu',           2),
(93,  'Thiago',     'Rodrigues',    'thiago.rodrigues@university.edu',     3),
(94,  'Funmilayo',  'Adeleke',      'funmilayo.adeleke@university.edu',    4),
(95,  'Lily',       'Young',        'lily.young@university.edu',           5),
(96,  'Daiki',      'Suzuki',       'daiki.suzuki@university.edu',         6),
(97,  'Oluwafemi',  'Adeyinka',     'oluwafemi.adeyinka@university.edu',   7),
(98,  'Beatrice',   'Lombardi',     'beatrice.lombardi@university.edu',    8),
(99,  'Nikhil',     'Verma',        'nikhil.verma@university.edu',         9),
(100, 'Chinyere',   'Agu',          'chinyere.agu@university.edu',         10),
(101, 'Jack',       'Allen',        'jack.allen@university.edu',           1),
(102, 'Amal',       'Farouk',       'amal.farouk@university.edu',          2),
(103, 'Vinicius',   'Carvalho',     'vinicius.carvalho@university.edu',    3),
(104, 'Adeola',     'Balogun',      'adeola.balogun@university.edu',       4),
(105, 'Zoe',        'Scott',        'zoe.scott@university.edu',            5),
(106, 'Miku',       'Tanaka',       'miku.tanaka@university.edu',          6),
(107, 'Lanre',      'Ogundipe',     'lanre.ogundipe@university.edu',       7),
(108, 'Silvia',     'Ricci',        'silvia.ricci@university.edu',         8),
(109, 'Abhishek',   'Mishra',       'abhishek.mishra@university.edu',      9),
(110, 'Ngozi',      'Aniebo',       'ngozi.aniebo@university.edu',         10),
(111, 'Henry',      'King',         'henry.king@university.edu',           1),
(112, 'Salma',      'Haddad',       'salma.haddad@university.edu',         2),
(113, 'Eduardo',    'Nascimento',   'eduardo.nascimento@university.edu',   3),
(114, 'Simisola',   'Ajayi',        'simisola.ajayi@university.edu',       4),
(115, 'Chloe',      'Green',        'chloe.green@university.edu',          5),
(116, 'Sota',       'Miyamoto',     'sota.miyamoto@university.edu',        6),
(117, 'Femi',       'Olorunfemi',   'femi.olorunfemi@university.edu',      7),
(118, 'Monica',     'Greco',        'monica.greco@university.edu',         8),
(119, 'Rahul',      'Bhatia',       'rahul.bhatia@university.edu',         9),
(120, 'Obioma',     'Nwosu',        'obioma.nwosu@university.edu',         10),
-- Newly admitted students (121-150) - no enrollments
(121, 'Sebastian',  'Wright',       'sebastian.wright@university.edu',     1),
(122, 'Fatima',     'Benali',       'fatima.benali@university.edu',        2),
(123, 'Leandro',    'Sousa',        'leandro.sousa@university.edu',        3),
(124, 'Kemi',       'Adegoke',      'kemi.adegoke@university.edu',         4),
(125, 'Abigail',    'Baker',        'abigail.baker@university.edu',        5),
(126, 'Ren',        'Kato',         'ren.kato@university.edu',             6),
(127, 'Wale',       'Ogunlesi',     'wale.ogunlesi@university.edu',        7),
(128, 'Paola',      'De Luca',      'paola.deluca@university.edu',         8),
(129, 'Gaurav',     'Tiwari',       'gaurav.tiwari@university.edu',        9),
(130, 'Adanna',     'Okonkwo',      'adanna.okonkwo@university.edu',       10),
(131, 'Elijah',     'Nelson',       'elijah.nelson@university.edu',        1),
(132, 'Iman',       'Qasim',        'iman.qasim@university.edu',           2),
(133, 'Matheus',    'Alves',        'matheus.alves@university.edu',        3),
(134, 'Yetunde',    'Akande',       'yetunde.akande@university.edu',       4),
(135, 'Scarlett',   'Carter',       'scarlett.carter@university.edu',      5),
(136, 'Kaito',      'Ogawa',        'kaito.ogawa@university.edu',          6),
(137, 'Biodun',     'Olatunde',     'biodun.olatunde@university.edu',      7),
(138, 'Roberta',    'Mancini',      'roberta.mancini@university.edu',      8),
(139, 'Varun',      'Kapoor',       'varun.kapoor@university.edu',         9),
(140, 'Ebele',      'Achebe',       'ebele.achebe@university.edu',         10),
(141, 'Owen',       'Adams',        'owen.adams@university.edu',           1),
(142, 'Huda',       'Nasser',       'huda.nasser@university.edu',          2),
(143, 'Gabriel',    'Martins',      'gabriel.martins@university.edu',      3),
(144, 'Adewale',    'Ogunleye',     'adewale.ogunleye@university.edu',     4),
(145, 'Penelope',   'Evans',        'penelope.evans@university.edu',       5),
(146, 'Yuna',       'Shimizu',      'yuna.shimizu@university.edu',         6),
(147, 'Tayo',       'Oluwole',      'tayo.oluwole@university.edu',         7),
(148, 'Lucia',      'Vitale',       'lucia.vitale@university.edu',         8),
(149, 'Harsh',      'Pandey',       'harsh.pandey@university.edu',         9),
(150, 'Chinwe',     'Obiora',       'chinwe.obiora@university.edu',        10);
GO

-- =============================================
-- SECTION 5: ENROLLMENTS
-- =============================================
-- Grade logic:
--   Completed  → Grade A, B, C, or D
--   Failed     → Grade F
--   Dropped    → Grade NULL
--   Active     → Grade NULL
--
-- Cohort breakdown:
--   Students 1–30   : Fall 2019, Spring 2020          (all Completed/Failed)
--   Students 31–60  : Fall 2020, Spring 2021          (Completed/Failed/Dropped)
--   Students 61–90  : Fall 2021, Spring 2022          (Completed/Failed/Dropped)
--   Students 91–110 : Fall 2023, Spring 2024, Fall 2024  (Completed/Dropped/Active)
--   Students 111–120: Fall 2025, Spring 2026          (Active/Completed)
--   Students 121–150: No enrollments (newly admitted)
-- =============================================

-- ─────────────────────────────────────────────
-- COHORT 1 | Students 1–30 | Fall 2019
-- ─────────────────────────────────────────────
INSERT INTO dbo.Enrollments (StudentID, CourseID, Semester, Academic_Year, Grade, Status) VALUES
-- Student 1 (CS)
(1, 1,  'Fall', 2019, 'B', 'Completed'),
(1, 2,  'Fall', 2019, 'C', 'Completed'),
(1, 4,  'Fall', 2019, 'A', 'Completed'),
(1, 5,  'Fall', 2019, 'B', 'Completed'),
(1, 6,  'Fall', 2019, 'B', 'Completed'),
(1, 16, 'Fall', 2019, 'A', 'Completed'),
(1, 22, 'Fall', 2019, 'C', 'Completed'),
-- Student 2 (Mathematics)
(2, 4,  'Fall', 2019, 'A', 'Completed'),
(2, 5,  'Fall', 2019, 'A', 'Completed'),
(2, 6,  'Fall', 2019, 'B', 'Completed'),
(2, 1,  'Fall', 2019, 'B', 'Completed'),
(2, 16, 'Fall', 2019, 'C', 'Completed'),
(2, 19, 'Fall', 2019, 'B', 'Completed'),
-- Student 3 (Physics)
(3, 7,  'Fall', 2019, 'B', 'Completed'),
(3, 8,  'Fall', 2019, 'C', 'Completed'),
(3, 4,  'Fall', 2019, 'A', 'Completed'),
(3, 5,  'Fall', 2019, 'B', 'Completed'),
(3, 1,  'Fall', 2019, 'C', 'Completed'),
(3, 16, 'Fall', 2019, 'A', 'Completed'),
(3, 22, 'Fall', 2019, 'B', 'Completed'),
-- Student 4 (Chemistry)
(4, 10, 'Fall', 2019, 'A', 'Completed'),
(4, 11, 'Fall', 2019, 'B', 'Completed'),
(4, 4,  'Fall', 2019, 'B', 'Completed'),
(4, 7,  'Fall', 2019, 'C', 'Completed'),
(4, 1,  'Fall', 2019, 'B', 'Completed'),
(4, 13, 'Fall', 2019, 'A', 'Completed'),
-- Student 5 (Biology)
(5, 13, 'Fall', 2019, 'B', 'Completed'),
(5, 14, 'Fall', 2019, 'A', 'Completed'),
(5, 15, 'Fall', 2019, 'C', 'Completed'),
(5, 4,  'Fall', 2019, 'B', 'Completed'),
(5, 10, 'Fall', 2019, 'A', 'Completed'),
(5, 1,  'Fall', 2019, 'C', 'Completed'),
(5, 28, 'Fall', 2019, 'B', 'Completed'),
-- Student 6 (English Literature)
(6, 16, 'Fall', 2019, 'A', 'Completed'),
(6, 17, 'Fall', 2019, 'A', 'Completed'),
(6, 18, 'Fall', 2019, 'B', 'Completed'),
(6, 19, 'Fall', 2019, 'B', 'Completed'),
(6, 28, 'Fall', 2019, 'C', 'Completed'),
(6, 22, 'Fall', 2019, 'B', 'Completed'),
(6, 4,  'Fall', 2019, 'C', 'Completed'),
-- Student 7 (History)
(7, 19, 'Fall', 2019, 'B', 'Completed'),
(7, 20, 'Fall', 2019, 'A', 'Completed'),
(7, 21, 'Fall', 2019, 'B', 'Completed'),
(7, 16, 'Fall', 2019, 'A', 'Completed'),
(7, 28, 'Fall', 2019, 'B', 'Completed'),
(7, 22, 'Fall', 2019, 'C', 'Completed'),
-- Student 8 (Business)
(8, 22, 'Fall', 2019, 'A', 'Completed'),
(8, 23, 'Fall', 2019, 'B', 'Completed'),
(8, 24, 'Fall', 2019, 'A', 'Completed'),
(8, 4,  'Fall', 2019, 'B', 'Completed'),
(8, 16, 'Fall', 2019, 'B', 'Completed'),
(8, 28, 'Fall', 2019, 'A', 'Completed'),
(8, 19, 'Fall', 2019, 'C', 'Completed'),
-- Student 9 (Mechanical Engineering)
(9, 25, 'Fall', 2019, 'B', 'Completed'),
(9, 26, 'Fall', 2019, 'C', 'Completed'),
(9, 27, 'Fall', 2019, 'B', 'Completed'),
(9, 4,  'Fall', 2019, 'A', 'Completed'),
(9, 5,  'Fall', 2019, 'B', 'Completed'),
(9, 7,  'Fall', 2019, 'C', 'Completed'),
(9, 1,  'Fall', 2019, 'B', 'Completed'),
-- Student 10 (Psychology)
(10, 28, 'Fall', 2019, 'A', 'Completed'),
(10, 29, 'Fall', 2019, 'B', 'Completed'),
(10, 30, 'Fall', 2019, 'A', 'Completed'),
(10, 16, 'Fall', 2019, 'B', 'Completed'),
(10, 19, 'Fall', 2019, 'C', 'Completed'),
(10, 22, 'Fall', 2019, 'B', 'Completed'),
-- Student 11 (CS)
(11, 1,  'Fall', 2019, 'C', 'Completed'),
(11, 2,  'Fall', 2019, 'D', 'Completed'),
(11, 3,  'Fall', 2019, 'C', 'Completed'),
(11, 5,  'Fall', 2019, 'B', 'Completed'),
(11, 6,  'Fall', 2019, 'F', 'Failed'),
(11, 7,  'Fall', 2019, 'D', 'Completed'),
-- Student 12 (Mathematics)
(12, 4,  'Fall', 2019, 'B', 'Completed'),
(12, 5,  'Fall', 2019, 'A', 'Completed'),
(12, 6,  'Fall', 2019, 'B', 'Completed'),
(12, 7,  'Fall', 2019, 'C', 'Completed'),
(12, 16, 'Fall', 2019, 'B', 'Completed'),
(12, 22, 'Fall', 2019, 'A', 'Completed'),
(12, 28, 'Fall', 2019, 'B', 'Completed'),
-- Student 13 (Physics)
(13, 7,  'Fall', 2019, 'A', 'Completed'),
(13, 9,  'Fall', 2019, 'B', 'Completed'),
(13, 4,  'Fall', 2019, 'B', 'Completed'),
(13, 6,  'Fall', 2019, 'A', 'Completed'),
(13, 1,  'Fall', 2019, 'C', 'Completed'),
(13, 25, 'Fall', 2019, 'B', 'Completed'),
-- Student 14 (Chemistry)
(14, 10, 'Fall', 2019, 'B', 'Completed'),
(14, 12, 'Fall', 2019, 'C', 'Completed'),
(14, 4,  'Fall', 2019, 'A', 'Completed'),
(14, 1,  'Fall', 2019, 'B', 'Completed'),
(14, 15, 'Fall', 2019, 'C', 'Completed'),
(14, 16, 'Fall', 2019, 'A', 'Completed'),
(14, 22, 'Fall', 2019, 'B', 'Completed'),
-- Student 15 (Biology)
(15, 13, 'Fall', 2019, 'A', 'Completed'),
(15, 15, 'Fall', 2019, 'B', 'Completed'),
(15, 10, 'Fall', 2019, 'A', 'Completed'),
(15, 4,  'Fall', 2019, 'B', 'Completed'),
(15, 16, 'Fall', 2019, 'A', 'Completed'),
(15, 22, 'Fall', 2019, 'B', 'Completed'),
(15, 28, 'Fall', 2019, 'A', 'Completed'),
-- Student 16 (English Literature)
(16, 16, 'Fall', 2019, 'A', 'Completed'),
(16, 18, 'Fall', 2019, 'B', 'Completed'),
(16, 19, 'Fall', 2019, 'B', 'Completed'),
(16, 20, 'Fall', 2019, 'A', 'Completed'),
(16, 28, 'Fall', 2019, 'B', 'Completed'),
(16, 22, 'Fall', 2019, 'C', 'Completed'),
-- Student 17 (History)
(17, 19, 'Fall', 2019, 'B', 'Completed'),
(17, 21, 'Fall', 2019, 'B', 'Completed'),
(17, 16, 'Fall', 2019, 'A', 'Completed'),
(17, 22, 'Fall', 2019, 'B', 'Completed'),
(17, 4,  'Fall', 2019, 'C', 'Completed'),
(17, 28, 'Fall', 2019, 'A', 'Completed'),
(17, 13, 'Fall', 2019, 'C', 'Completed'),
-- Student 18 (Business)
(18, 22, 'Fall', 2019, 'A', 'Completed'),
(18, 24, 'Fall', 2019, 'A', 'Completed'),
(18, 4,  'Fall', 2019, 'B', 'Completed'),
(18, 16, 'Fall', 2019, 'B', 'Completed'),
(18, 19, 'Fall', 2019, 'C', 'Completed'),
(18, 28, 'Fall', 2019, 'A', 'Completed'),
-- Student 19 (Mechanical Engineering)
(19, 25, 'Fall', 2019, 'B', 'Completed'),
(19, 26, 'Fall', 2019, 'B', 'Completed'),
(19, 4,  'Fall', 2019, 'A', 'Completed'),
(19, 5,  'Fall', 2019, 'A', 'Completed'),
(19, 7,  'Fall', 2019, 'C', 'Completed'),
(19, 1,  'Fall', 2019, 'B', 'Completed'),
(19, 22, 'Fall', 2019, 'B', 'Completed'),
-- Student 20 (Psychology)
(20, 28, 'Fall', 2019, 'A', 'Completed'),
(20, 30, 'Fall', 2019, 'A', 'Completed'),
(20, 16, 'Fall', 2019, 'B', 'Completed'),
(20, 22, 'Fall', 2019, 'B', 'Completed'),
(20, 4,  'Fall', 2019, 'B', 'Completed'),
(20, 19, 'Fall', 2019, 'C', 'Completed'),
(20, 13, 'Fall', 2019, 'A', 'Completed'),
-- Student 21 (CS)
(21, 1,  'Fall', 2019, 'B', 'Completed'),
(21, 3,  'Fall', 2019, 'B', 'Completed'),
(21, 4,  'Fall', 2019, 'C', 'Completed'),
(21, 5,  'Fall', 2019, 'A', 'Completed'),
(21, 6,  'Fall', 2019, 'B', 'Completed'),
(21, 19, 'Fall', 2019, 'B', 'Completed'),
-- Student 22 (Mathematics)
(22, 4,  'Fall', 2019, 'A', 'Completed'),
(22, 6,  'Fall', 2019, 'A', 'Completed'),
(22, 5,  'Fall', 2019, 'B', 'Completed'),
(22, 9,  'Fall', 2019, 'C', 'Completed'),
(22, 16, 'Fall', 2019, 'B', 'Completed'),
(22, 22, 'Fall', 2019, 'A', 'Completed'),
(22, 28, 'Fall', 2019, 'B', 'Completed'),
-- Student 23 (Physics)
(23, 8,  'Fall', 2019, 'B', 'Completed'),
(23, 9,  'Fall', 2019, 'C', 'Completed'),
(23, 4,  'Fall', 2019, 'A', 'Completed'),
(23, 5,  'Fall', 2019, 'B', 'Completed'),
(23, 7,  'Fall', 2019, 'A', 'Completed'),
(23, 1,  'Fall', 2019, 'C', 'Completed'),
-- Student 24 (Chemistry)
(24, 11, 'Fall', 2019, 'C', 'Completed'),
(24, 12, 'Fall', 2019, 'B', 'Completed'),
(24, 10, 'Fall', 2019, 'A', 'Completed'),
(24, 4,  'Fall', 2019, 'B', 'Completed'),
(24, 7,  'Fall', 2019, 'C', 'Completed'),
(24, 16, 'Fall', 2019, 'A', 'Completed'),
(24, 28, 'Fall', 2019, 'B', 'Completed'),
-- Student 25 (Biology)
(25, 14, 'Fall', 2019, 'A', 'Completed'),
(25, 15, 'Fall', 2019, 'B', 'Completed'),
(25, 13, 'Fall', 2019, 'A', 'Completed'),
(25, 10, 'Fall', 2019, 'C', 'Completed'),
(25, 4,  'Fall', 2019, 'B', 'Completed'),
(25, 16, 'Fall', 2019, 'A', 'Completed'),
(25, 22, 'Fall', 2019, 'B', 'Completed'),
-- Student 26 (English Literature)
(26, 17, 'Fall', 2019, 'A', 'Completed'),
(26, 18, 'Fall', 2019, 'B', 'Completed'),
(26, 16, 'Fall', 2019, 'A', 'Completed'),
(26, 20, 'Fall', 2019, 'A', 'Completed'),
(26, 22, 'Fall', 2019, 'B', 'Completed'),
(26, 4,  'Fall', 2019, 'C', 'Completed'),
(26, 28, 'Fall', 2019, 'A', 'Completed'),
-- Student 27 (History)
(27, 20, 'Fall', 2019, 'A', 'Completed'),
(27, 21, 'Fall', 2019, 'B', 'Completed'),
(27, 19, 'Fall', 2019, 'B', 'Completed'),
(27, 16, 'Fall', 2019, 'A', 'Completed'),
(27, 4,  'Fall', 2019, 'B', 'Completed'),
(27, 22, 'Fall', 2019, 'C', 'Completed'),
(27, 28, 'Fall', 2019, 'B', 'Completed'),
-- Student 28 (Business)
(28, 23, 'Fall', 2019, 'B', 'Completed'),
(28, 24, 'Fall', 2019, 'A', 'Completed'),
(28, 22, 'Fall', 2019, 'A', 'Completed'),
(28, 4,  'Fall', 2019, 'C', 'Completed'),
(28, 16, 'Fall', 2019, 'B', 'Completed'),
(28, 1,  'Fall', 2019, 'B', 'Completed'),
(28, 28, 'Fall', 2019, 'A', 'Completed'),
-- Student 29 (Mechanical Engineering)
(29, 27, 'Fall', 2019, 'B', 'Completed'),
(29, 25, 'Fall', 2019, 'A', 'Completed'),
(29, 26, 'Fall', 2019, 'B', 'Completed'),
(29, 4,  'Fall', 2019, 'A', 'Completed'),
(29, 7,  'Fall', 2019, 'C', 'Completed'),
(29, 5,  'Fall', 2019, 'B', 'Completed'),
(29, 1,  'Fall', 2019, 'C', 'Completed'),
-- Student 30 (Psychology)
(30, 29, 'Fall', 2019, 'A', 'Completed'),
(30, 30, 'Fall', 2019, 'A', 'Completed'),
(30, 28, 'Fall', 2019, 'B', 'Completed'),
(30, 16, 'Fall', 2019, 'B', 'Completed'),
(30, 22, 'Fall', 2019, 'A', 'Completed'),
(30, 4,  'Fall', 2019, 'B', 'Completed'),
(30, 19, 'Fall', 2019, 'C', 'Completed');
GO

-- ─────────────────────────────────────────────
-- COHORT 1 | Students 1–30 | Spring 2020
-- ─────────────────────────────────────────────
INSERT INTO dbo.Enrollments (StudentID, CourseID, Semester, Academic_Year, Grade, Status) VALUES
(1,  7,  'Spring', 2020, 'B', 'Completed'),
(1,  8,  'Spring', 2020, 'C', 'Completed'),
(1,  19, 'Spring', 2020, 'A', 'Completed'),
(1,  22, 'Spring', 2020, 'B', 'Completed'),
(1,  28, 'Spring', 2020, 'A', 'Completed'),
(1,  13, 'Spring', 2020, 'B', 'Completed'),
(2,  7,  'Spring', 2020, 'A', 'Completed'),
(2,  8,  'Spring', 2020, 'B', 'Completed'),
(2,  9,  'Spring', 2020, 'C', 'Completed'),
(2,  13, 'Spring', 2020, 'B', 'Completed'),
(2,  22, 'Spring', 2020, 'A', 'Completed'),
(2,  28, 'Spring', 2020, 'B', 'Completed'),
(3,  9,  'Spring', 2020, 'B', 'Completed'),
(3,  10, 'Spring', 2020, 'C', 'Completed'),
(3,  13, 'Spring', 2020, 'A', 'Completed'),
(3,  19, 'Spring', 2020, 'B', 'Completed'),
(3,  22, 'Spring', 2020, 'B', 'Completed'),
(3,  25, 'Spring', 2020, 'A', 'Completed'),
(4,  12, 'Spring', 2020, 'A', 'Completed'),
(4,  14, 'Spring', 2020, 'B', 'Completed'),
(4,  19, 'Spring', 2020, 'B', 'Completed'),
(4,  22, 'Spring', 2020, 'C', 'Completed'),
(4,  28, 'Spring', 2020, 'A', 'Completed'),
(4,  9,  'Spring', 2020, 'B', 'Completed'),
(5,  11, 'Spring', 2020, 'B', 'Completed'),
(5,  12, 'Spring', 2020, 'A', 'Completed'),
(5,  7,  'Spring', 2020, 'C', 'Completed'),
(5,  22, 'Spring', 2020, 'B', 'Completed'),
(5,  28, 'Spring', 2020, 'A', 'Completed'),
(5,  19, 'Spring', 2020, 'B', 'Completed'),
(6,  20, 'Spring', 2020, 'A', 'Completed'),
(6,  21, 'Spring', 2020, 'B', 'Completed'),
(6,  29, 'Spring', 2020, 'A', 'Completed'),
(6,  30, 'Spring', 2020, 'B', 'Completed'),
(6,  1,  'Spring', 2020, 'C', 'Completed'),
(7,  22, 'Spring', 2020, 'B', 'Completed'),
(7,  28, 'Spring', 2020, 'A', 'Completed'),
(7,  30, 'Spring', 2020, 'B', 'Completed'),
(7,  1,  'Spring', 2020, 'C', 'Completed'),
(7,  7,  'Spring', 2020, 'F', 'Failed'),
(7,  10, 'Spring', 2020, 'C', 'Completed'),
(8,  25, 'Spring', 2020, 'A', 'Completed'),
(8,  29, 'Spring', 2020, 'B', 'Completed'),
(8,  30, 'Spring', 2020, 'A', 'Completed'),
(8,  1,  'Spring', 2020, 'C', 'Completed'),
(8,  10, 'Spring', 2020, 'B', 'Completed'),
(8,  13, 'Spring', 2020, 'B', 'Completed'),
(9,  8,  'Spring', 2020, 'B', 'Completed'),
(9,  9,  'Spring', 2020, 'C', 'Completed'),
(9,  6,  'Spring', 2020, 'A', 'Completed'),
(9,  16, 'Spring', 2020, 'B', 'Completed'),
(9,  22, 'Spring', 2020, 'A', 'Completed'),
(9,  28, 'Spring', 2020, 'B', 'Completed'),
(10, 1,  'Spring', 2020, 'A', 'Completed'),
(10, 7,  'Spring', 2020, 'B', 'Completed'),
(10, 10, 'Spring', 2020, 'C', 'Completed'),
(10, 13, 'Spring', 2020, 'A', 'Completed'),
(10, 20, 'Spring', 2020, 'B', 'Completed'),
(10, 21, 'Spring', 2020, 'A', 'Completed'),
(11, 8,  'Spring', 2020, 'D', 'Completed'),
(11, 9,  'Spring', 2020, 'F', 'Failed'),
(11, 13, 'Spring', 2020, 'C', 'Completed'),
(11, 19, 'Spring', 2020, 'B', 'Completed'),
(11, 25, 'Spring', 2020, 'D', 'Completed'),
(12, 8,  'Spring', 2020, 'A', 'Completed'),
(12, 9,  'Spring', 2020, 'B', 'Completed'),
(12, 10, 'Spring', 2020, 'B', 'Completed'),
(12, 25, 'Spring', 2020, 'C', 'Completed'),
(12, 29, 'Spring', 2020, 'A', 'Completed'),
(12, 30, 'Spring', 2020, 'B', 'Completed'),
(13, 10, 'Spring', 2020, 'A', 'Completed'),
(13, 11, 'Spring', 2020, 'B', 'Completed'),
(13, 16, 'Spring', 2020, 'A', 'Completed'),
(13, 22, 'Spring', 2020, 'B', 'Completed'),
(13, 28, 'Spring', 2020, 'C', 'Completed'),
(13, 30, 'Spring', 2020, 'A', 'Completed'),
(14, 9,  'Spring', 2020, 'B', 'Completed'),
(14, 13, 'Spring', 2020, 'A', 'Completed'),
(14, 17, 'Spring', 2020, 'B', 'Completed'),
(14, 22, 'Spring', 2020, 'A', 'Completed'),
(14, 25, 'Spring', 2020, 'C', 'Completed'),
(14, 28, 'Spring', 2020, 'B', 'Completed'),
(15, 7,  'Spring', 2020, 'A', 'Completed'),
(15, 11, 'Spring', 2020, 'B', 'Completed'),
(15, 17, 'Spring', 2020, 'A', 'Completed'),
(15, 22, 'Spring', 2020, 'B', 'Completed'),
(15, 25, 'Spring', 2020, 'C', 'Completed'),
(15, 29, 'Spring', 2020, 'A', 'Completed'),
(16, 21, 'Spring', 2020, 'B', 'Completed'),
(16, 30, 'Spring', 2020, 'A', 'Completed'),
(16, 29, 'Spring', 2020, 'B', 'Completed'),
(16, 1,  'Spring', 2020, 'C', 'Completed'),
(16, 10, 'Spring', 2020, 'B', 'Completed'),
(17, 29, 'Spring', 2020, 'A', 'Completed'),
(17, 30, 'Spring', 2020, 'B', 'Completed'),
(17, 7,  'Spring', 2020, 'C', 'Completed'),
(17, 10, 'Spring', 2020, 'B', 'Completed'),
(17, 25, 'Spring', 2020, 'A', 'Completed'),
(17, 1,  'Spring', 2020, 'B', 'Completed'),
(18, 25, 'Spring', 2020, 'A', 'Completed'),
(18, 29, 'Spring', 2020, 'B', 'Completed'),
(18, 30, 'Spring', 2020, 'A', 'Completed'),
(18, 7,  'Spring', 2020, 'C', 'Completed'),
(18, 10, 'Spring', 2020, 'B', 'Completed'),
(18, 13, 'Spring', 2020, 'B', 'Completed'),
(19, 8,  'Spring', 2020, 'B', 'Completed'),
(19, 9,  'Spring', 2020, 'B', 'Completed'),
(19, 16, 'Spring', 2020, 'A', 'Completed'),
(19, 22, 'Spring', 2020, 'A', 'Completed'),
(19, 28, 'Spring', 2020, 'B', 'Completed'),
(19, 13, 'Spring', 2020, 'C', 'Completed'),
(20, 1,  'Spring', 2020, 'A', 'Completed'),
(20, 7,  'Spring', 2020, 'B', 'Completed'),
(20, 17, 'Spring', 2020, 'A', 'Completed'),
(20, 21, 'Spring', 2020, 'B', 'Completed'),
(20, 25, 'Spring', 2020, 'C', 'Completed'),
(20, 10, 'Spring', 2020, 'A', 'Completed'),
(21, 8,  'Spring', 2020, 'B', 'Completed'),
(21, 13, 'Spring', 2020, 'A', 'Completed'),
(21, 16, 'Spring', 2020, 'B', 'Completed'),
(21, 22, 'Spring', 2020, 'A', 'Completed'),
(21, 25, 'Spring', 2020, 'C', 'Completed'),
(21, 29, 'Spring', 2020, 'B', 'Completed'),
(22, 7,  'Spring', 2020, 'A', 'Completed'),
(22, 8,  'Spring', 2020, 'B', 'Completed'),
(22, 13, 'Spring', 2020, 'A', 'Completed'),
(22, 17, 'Spring', 2020, 'B', 'Completed'),
(22, 25, 'Spring', 2020, 'C', 'Completed'),
(22, 28, 'Spring', 2020, 'A', 'Completed'),
(23, 13, 'Spring', 2020, 'B', 'Completed'),
(23, 10, 'Spring', 2020, 'C', 'Completed'),
(23, 16, 'Spring', 2020, 'A', 'Completed'),
(23, 22, 'Spring', 2020, 'B', 'Completed'),
(23, 28, 'Spring', 2020, 'A', 'Completed'),
(23, 29, 'Spring', 2020, 'B', 'Completed'),
(24, 9,  'Spring', 2020, 'C', 'Completed'),
(24, 13, 'Spring', 2020, 'B', 'Completed'),
(24, 15, 'Spring', 2020, 'A', 'Completed'),
(24, 19, 'Spring', 2020, 'B', 'Completed'),
(24, 22, 'Spring', 2020, 'A', 'Completed'),
(24, 29, 'Spring', 2020, 'B', 'Completed'),
(25, 8,  'Spring', 2020, 'A', 'Completed'),
(25, 11, 'Spring', 2020, 'B', 'Completed'),
(25, 17, 'Spring', 2020, 'A', 'Completed'),
(25, 22, 'Spring', 2020, 'B', 'Completed'),
(25, 25, 'Spring', 2020, 'C', 'Completed'),
(25, 29, 'Spring', 2020, 'A', 'Completed'),
(26, 29, 'Spring', 2020, 'A', 'Completed'),
(26, 30, 'Spring', 2020, 'B', 'Completed'),
(26, 1,  'Spring', 2020, 'C', 'Completed'),
(26, 7,  'Spring', 2020, 'A', 'Completed'),
(26, 10, 'Spring', 2020, 'B', 'Completed'),
(26, 19, 'Spring', 2020, 'A', 'Completed'),
(27, 1,  'Spring', 2020, 'B', 'Completed'),
(27, 7,  'Spring', 2020, 'A', 'Completed'),
(27, 10, 'Spring', 2020, 'C', 'Completed'),
(27, 13, 'Spring', 2020, 'B', 'Completed'),
(27, 29, 'Spring', 2020, 'A', 'Completed'),
(27, 30, 'Spring', 2020, 'B', 'Completed'),
(28, 7,  'Spring', 2020, 'A', 'Completed'),
(28, 13, 'Spring', 2020, 'B', 'Completed'),
(28, 17, 'Spring', 2020, 'A', 'Completed'),
(28, 25, 'Spring', 2020, 'A', 'Completed'),
(28, 29, 'Spring', 2020, 'B', 'Completed'),
(28, 30, 'Spring', 2020, 'A', 'Completed'),
(29, 9,  'Spring', 2020, 'B', 'Completed'),
(29, 13, 'Spring', 2020, 'A', 'Completed'),
(29, 16, 'Spring', 2020, 'B', 'Completed'),
(29, 22, 'Spring', 2020, 'A', 'Completed'),
(29, 29, 'Spring', 2020, 'C', 'Completed'),
(29, 30, 'Spring', 2020, 'B', 'Completed'),
(30, 1,  'Spring', 2020, 'A', 'Completed'),
(30, 7,  'Spring', 2020, 'B', 'Completed'),
(30, 13, 'Spring', 2020, 'C', 'Completed'),
(30, 16, 'Spring', 2020, 'A', 'Completed'),
(30, 22, 'Spring', 2020, 'B', 'Completed'),
(30, 25, 'Spring', 2020, 'B', 'Completed');
GO

-- ─────────────────────────────────────────────
-- COHORT 2 | Students 31–60 | Fall 2020
-- ─────────────────────────────────────────────
INSERT INTO dbo.Enrollments (StudentID, CourseID, Semester, Academic_Year, Grade, Status) VALUES
(31, 1,  'Fall', 2020, 'B', 'Completed'),
(31, 2,  'Fall', 2020, 'A', 'Completed'),
(31, 4,  'Fall', 2020, 'C', 'Completed'),
(31, 5,  'Fall', 2020, 'B', 'Completed'),
(31, 6,  'Fall', 2020, 'A', 'Completed'),
(31, 16, 'Fall', 2020, 'B', 'Completed'),
(32, 4,  'Fall', 2020, 'A', 'Completed'),
(32, 5,  'Fall', 2020, 'B', 'Completed'),
(32, 6,  'Fall', 2020, 'A', 'Completed'),
(32, 7,  'Fall', 2020, 'B', 'Completed'),
(32, 22, 'Fall', 2020, 'C', 'Completed'),
(32, 28, 'Fall', 2020, 'B', 'Completed'),
(32, 16, 'Fall', 2020, 'A', 'Completed'),
(33, 7,  'Fall', 2020, 'B', 'Completed'),
(33, 8,  'Fall', 2020, 'C', 'Completed'),
(33, 4,  'Fall', 2020, 'A', 'Completed'),
(33, 9,  'Fall', 2020, 'B', 'Completed'),
(33, 25, 'Fall', 2020, 'C', 'Completed'),
(33, 1,  'Fall', 2020, 'B', 'Completed'),
(34, 10, 'Fall', 2020, 'B', 'Completed'),
(34, 11, 'Fall', 2020, 'A', 'Completed'),
(34, 12, 'Fall', 2020, 'B', 'Completed'),
(34, 4,  'Fall', 2020, 'C', 'Completed'),
(34, 13, 'Fall', 2020, 'A', 'Completed'),
(34, 16, 'Fall', 2020, 'B', 'Completed'),
(34, 22, 'Fall', 2020, 'B', 'Completed'),
(35, 13, 'Fall', 2020, 'A', 'Completed'),
(35, 14, 'Fall', 2020, 'B', 'Completed'),
(35, 10, 'Fall', 2020, 'A', 'Completed'),
(35, 4,  'Fall', 2020, 'B', 'Completed'),
(35, 16, 'Fall', 2020, 'C', 'Completed'),
(35, 22, 'Fall', 2020, 'B', 'Completed'),
(36, 16, 'Fall', 2020, 'A', 'Completed'),
(36, 17, 'Fall', 2020, 'B', 'Completed'),
(36, 18, 'Fall', 2020, 'A', 'Completed'),
(36, 20, 'Fall', 2020, 'B', 'Completed'),
(36, 28, 'Fall', 2020, 'A', 'Completed'),
(36, 4,  'Fall', 2020, 'C', 'Completed'),
(37, 19, 'Fall', 2020, 'A', 'Completed'),
(37, 20, 'Fall', 2020, 'B', 'Completed'),
(37, 21, 'Fall', 2020, 'A', 'Completed'),
(37, 16, 'Fall', 2020, 'B', 'Completed'),
(37, 22, 'Fall', 2020, 'C', 'Completed'),
(37, 4,  'Fall', 2020, 'B', 'Completed'),
(37, 28, 'Fall', 2020, 'A', 'Completed'),
(38, 22, 'Fall', 2020, 'B', 'Completed'),
(38, 23, 'Fall', 2020, 'A', 'Completed'),
(38, 24, 'Fall', 2020, 'B', 'Completed'),
(38, 16, 'Fall', 2020, 'A', 'Completed'),
(38, 19, 'Fall', 2020, 'B', 'Completed'),
(38, 28, 'Fall', 2020, 'A', 'Completed'),
(39, 25, 'Fall', 2020, 'A', 'Completed'),
(39, 26, 'Fall', 2020, 'B', 'Completed'),
(39, 27, 'Fall', 2020, 'A', 'Completed'),
(39, 4,  'Fall', 2020, 'B', 'Completed'),
(39, 5,  'Fall', 2020, 'A', 'Completed'),
(39, 7,  'Fall', 2020, 'B', 'Completed'),
(39, 1,  'Fall', 2020, 'C', 'Completed'),
(40, 28, 'Fall', 2020, 'A', 'Completed'),
(40, 29, 'Fall', 2020, 'B', 'Completed'),
(40, 30, 'Fall', 2020, 'A', 'Completed'),
(40, 16, 'Fall', 2020, 'B', 'Completed'),
(40, 22, 'Fall', 2020, 'C', 'Completed'),
(40, 4,  'Fall', 2020, 'B', 'Completed'),
-- Students 41-50
(41, 1,  'Fall', 2020, 'C', 'Completed'),
(41, 2,  'Fall', 2020, 'D', 'Completed'),
(41, 3,  'Fall', 2020, 'C', 'Completed'),
(41, 4,  'Fall', 2020, 'B', 'Completed'),
(41, 6,  'Fall', 2020, 'F', 'Failed'),
(41, 19, 'Fall', 2020, 'C', 'Completed'),
(42, 4,  'Fall', 2020, 'B', 'Completed'),
(42, 5,  'Fall', 2020, 'A', 'Completed'),
(42, 9,  'Fall', 2020, 'B', 'Completed'),
(42, 16, 'Fall', 2020, 'A', 'Completed'),
(42, 22, 'Fall', 2020, 'B', 'Completed'),
(42, 28, 'Fall', 2020, 'A', 'Completed'),
(42, 30, 'Fall', 2020, 'B', 'Completed'),
(43, 8,  'Fall', 2020, 'B', 'Completed'),
(43, 9,  'Fall', 2020, 'A', 'Completed'),
(43, 4,  'Fall', 2020, 'B', 'Completed'),
(43, 7,  'Fall', 2020, 'C', 'Completed'),
(43, 1,  'Fall', 2020, 'B', 'Completed'),
(43, 22, 'Fall', 2020, 'A', 'Completed'),
(44, 10, 'Fall', 2020, 'A', 'Completed'),
(44, 12, 'Fall', 2020, 'B', 'Completed'),
(44, 4,  'Fall', 2020, 'A', 'Completed'),
(44, 14, 'Fall', 2020, 'B', 'Completed'),
(44, 16, 'Fall', 2020, 'C', 'Completed'),
(44, 22, 'Fall', 2020, 'B', 'Completed'),
(45, 14, 'Fall', 2020, 'A', 'Completed'),
(45, 15, 'Fall', 2020, 'B', 'Completed'),
(45, 13, 'Fall', 2020, 'A', 'Completed'),
(45, 4,  'Fall', 2020, 'B', 'Completed'),
(45, 10, 'Fall', 2020, 'C', 'Completed'),
(45, 28, 'Fall', 2020, 'A', 'Completed'),
(45, 22, 'Fall', 2020, 'B', 'Completed'),
(46, 16, 'Fall', 2020, 'A', 'Completed'),
(46, 18, 'Fall', 2020, 'B', 'Completed'),
(46, 19, 'Fall', 2020, 'A', 'Completed'),
(46, 21, 'Fall', 2020, 'B', 'Completed'),
(46, 28, 'Fall', 2020, 'A', 'Completed'),
(46, 4,  'Fall', 2020, 'C', 'Completed'),
(47, 20, 'Fall', 2020, 'B', 'Completed'),
(47, 21, 'Fall', 2020, 'A', 'Completed'),
(47, 19, 'Fall', 2020, 'B', 'Completed'),
(47, 16, 'Fall', 2020, 'A', 'Completed'),
(47, 4,  'Fall', 2020, 'C', 'Completed'),
(47, 22, 'Fall', 2020, 'B', 'Completed'),
(48, 23, 'Fall', 2020, 'A', 'Completed'),
(48, 24, 'Fall', 2020, 'B', 'Completed'),
(48, 22, 'Fall', 2020, 'A', 'Completed'),
(48, 4,  'Fall', 2020, 'B', 'Completed'),
(48, 28, 'Fall', 2020, 'C', 'Completed'),
(48, 16, 'Fall', 2020, 'A', 'Completed'),
(49, 26, 'Fall', 2020, 'B', 'Completed'),
(49, 27, 'Fall', 2020, 'A', 'Completed'),
(49, 25, 'Fall', 2020, 'B', 'Completed'),
(49, 7,  'Fall', 2020, 'A', 'Completed'),
(49, 4,  'Fall', 2020, 'B', 'Completed'),
(49, 5,  'Fall', 2020, 'C', 'Completed'),
(49, 1,  'Fall', 2020, 'B', 'Completed'),
(50, 29, 'Fall', 2020, 'A', 'Completed'),
(50, 30, 'Fall', 2020, 'B', 'Completed'),
(50, 28, 'Fall', 2020, 'A', 'Completed'),
(50, 22, 'Fall', 2020, 'B', 'Completed'),
(50, 16, 'Fall', 2020, 'C', 'Completed'),
(50, 4,  'Fall', 2020, 'B', 'Completed'),
-- Students 51-60 with some Dropped
(51, 1,  'Fall', 2020, 'B', 'Completed'),
(51, 3,  'Fall', 2020, NULL, 'Dropped'),
(51, 4,  'Fall', 2020, 'C', 'Completed'),
(51, 5,  'Fall', 2020, 'B', 'Completed'),
(51, 22, 'Fall', 2020, 'A', 'Completed'),
(52, 5,  'Fall', 2020, 'A', 'Completed'),
(52, 6,  'Fall', 2020, 'B', 'Completed'),
(52, 4,  'Fall', 2020, 'A', 'Completed'),
(52, 16, 'Fall', 2020, 'B', 'Completed'),
(52, 19, 'Fall', 2020, 'C', 'Completed'),
(52, 22, 'Fall', 2020, 'B', 'Completed'),
(53, 9,  'Fall', 2020, 'C', 'Completed'),
(53, 7,  'Fall', 2020, 'B', 'Completed'),
(53, 4,  'Fall', 2020, 'A', 'Completed'),
(53, 25, 'Fall', 2020, NULL, 'Dropped'),
(53, 1,  'Fall', 2020, 'B', 'Completed'),
(53, 16, 'Fall', 2020, 'A', 'Completed'),
(54, 10, 'Fall', 2020, 'B', 'Completed'),
(54, 11, 'Fall', 2020, 'C', 'Completed'),
(54, 4,  'Fall', 2020, 'A', 'Completed'),
(54, 13, 'Fall', 2020, 'B', 'Completed'),
(54, 16, 'Fall', 2020, 'A', 'Completed'),
(54, 22, 'Fall', 2020, 'B', 'Completed'),
(54, 28, 'Fall', 2020, 'C', 'Completed'),
(55, 15, 'Fall', 2020, 'A', 'Completed'),
(55, 14, 'Fall', 2020, 'B', 'Completed'),
(55, 4,  'Fall', 2020, 'A', 'Completed'),
(55, 10, 'Fall', 2020, 'B', 'Completed'),
(55, 22, 'Fall', 2020, 'C', 'Completed'),
(55, 28, 'Fall', 2020, 'A', 'Completed'),
(56, 17, 'Fall', 2020, 'A', 'Completed'),
(56, 16, 'Fall', 2020, 'A', 'Completed'),
(56, 18, 'Fall', 2020, 'B', 'Completed'),
(56, 19, 'Fall', 2020, NULL, 'Dropped'),
(56, 28, 'Fall', 2020, 'B', 'Completed'),
(56, 22, 'Fall', 2020, 'C', 'Completed'),
(57, 20, 'Fall', 2020, 'B', 'Completed'),
(57, 19, 'Fall', 2020, 'A', 'Completed'),
(57, 21, 'Fall', 2020, 'B', 'Completed'),
(57, 16, 'Fall', 2020, 'A', 'Completed'),
(57, 22, 'Fall', 2020, 'B', 'Completed'),
(57, 4,  'Fall', 2020, 'C', 'Completed'),
(57, 28, 'Fall', 2020, 'A', 'Completed'),
(58, 22, 'Fall', 2020, 'A', 'Completed'),
(58, 23, 'Fall', 2020, 'B', 'Completed'),
(58, 16, 'Fall', 2020, 'A', 'Completed'),
(58, 4,  'Fall', 2020, 'B', 'Completed'),
(58, 28, 'Fall', 2020, 'A', 'Completed'),
(58, 19, 'Fall', 2020, 'C', 'Completed'),
(59, 25, 'Fall', 2020, 'B', 'Completed'),
(59, 26, 'Fall', 2020, 'A', 'Completed'),
(59, 4,  'Fall', 2020, 'B', 'Completed'),
(59, 7,  'Fall', 2020, 'A', 'Completed'),
(59, 1,  'Fall', 2020, 'C', 'Completed'),
(59, 22, 'Fall', 2020, 'B', 'Completed'),
(60, 29, 'Fall', 2020, 'A', 'Completed'),
(60, 28, 'Fall', 2020, 'B', 'Completed'),
(60, 16, 'Fall', 2020, 'A', 'Completed'),
(60, 22, 'Fall', 2020, 'B', 'Completed'),
(60, 4,  'Fall', 2020, 'C', 'Completed'),
(60, 19, 'Fall', 2020, 'B', 'Completed');
GO

-- ─────────────────────────────────────────────
-- COHORT 2 | Students 31–60 | Spring 2021
-- ─────────────────────────────────────────────
INSERT INTO dbo.Enrollments (StudentID, CourseID, Semester, Academic_Year, Grade, Status) VALUES
(31, 3,  'Spring', 2021, 'A', 'Completed'),
(31, 7,  'Spring', 2021, 'B', 'Completed'),
(31, 19, 'Spring', 2021, 'A', 'Completed'),
(31, 22, 'Spring', 2021, 'B', 'Completed'),
(31, 28, 'Spring', 2021, 'C', 'Completed'),
(31, 13, 'Spring', 2021, 'A', 'Completed'),
(32, 8,  'Spring', 2021, 'A', 'Completed'),
(32, 9,  'Spring', 2021, 'B', 'Completed'),
(32, 13, 'Spring', 2021, 'A', 'Completed'),
(32, 25, 'Spring', 2021, 'C', 'Completed'),
(32, 29, 'Spring', 2021, 'B', 'Completed'),
(33, 10, 'Spring', 2021, 'B', 'Completed'),
(33, 11, 'Spring', 2021, 'A', 'Completed'),
(33, 16, 'Spring', 2021, 'A', 'Completed'),
(33, 22, 'Spring', 2021, 'B', 'Completed'),
(33, 28, 'Spring', 2021, 'C', 'Completed'),
(33, 30, 'Spring', 2021, 'B', 'Completed'),
(34, 9,  'Spring', 2021, 'A', 'Completed'),
(34, 14, 'Spring', 2021, 'B', 'Completed'),
(34, 17, 'Spring', 2021, 'A', 'Completed'),
(34, 25, 'Spring', 2021, 'B', 'Completed'),
(34, 29, 'Spring', 2021, 'C', 'Completed'),
(34, 30, 'Spring', 2021, 'B', 'Completed'),
(35, 11, 'Spring', 2021, 'A', 'Completed'),
(35, 12, 'Spring', 2021, 'B', 'Completed'),
(35, 7,  'Spring', 2021, 'A', 'Completed'),
(35, 25, 'Spring', 2021, 'B', 'Completed'),
(35, 29, 'Spring', 2021, 'C', 'Completed'),
(35, 30, 'Spring', 2021, 'A', 'Completed'),
(36, 19, 'Spring', 2021, 'B', 'Completed'),
(36, 21, 'Spring', 2021, 'A', 'Completed'),
(36, 29, 'Spring', 2021, 'B', 'Completed'),
(36, 30, 'Spring', 2021, 'A', 'Completed'),
(36, 1,  'Spring', 2021, 'C', 'Completed'),
(37, 22, 'Spring', 2021, 'B', 'Completed'),
(37, 29, 'Spring', 2021, 'A', 'Completed'),
(37, 30, 'Spring', 2021, 'B', 'Completed'),
(37, 7,  'Spring', 2021, 'C', 'Completed'),
(37, 1,  'Spring', 2021, 'B', 'Completed'),
(38, 25, 'Spring', 2021, 'A', 'Completed'),
(38, 29, 'Spring', 2021, 'B', 'Completed'),
(38, 30, 'Spring', 2021, 'A', 'Completed'),
(38, 7,  'Spring', 2021, 'C', 'Completed'),
(38, 10, 'Spring', 2021, 'B', 'Completed'),
(38, 13, 'Spring', 2021, 'B', 'Completed'),
(39, 8,  'Spring', 2021, 'A', 'Completed'),
(39, 9,  'Spring', 2021, 'B', 'Completed'),
(39, 16, 'Spring', 2021, 'A', 'Completed'),
(39, 22, 'Spring', 2021, 'B', 'Completed'),
(39, 28, 'Spring', 2021, 'C', 'Completed'),
(40, 1,  'Spring', 2021, 'A', 'Completed'),
(40, 7,  'Spring', 2021, 'B', 'Completed'),
(40, 13, 'Spring', 2021, 'C', 'Completed'),
(40, 19, 'Spring', 2021, 'A', 'Completed'),
(40, 25, 'Spring', 2021, 'B', 'Completed'),
(41, 7,  'Spring', 2021, 'D', 'Completed'),
(41, 8,  'Spring', 2021, NULL, 'Dropped'),
(41, 16, 'Spring', 2021, 'C', 'Completed'),
(41, 22, 'Spring', 2021, 'B', 'Completed'),
(41, 28, 'Spring', 2021, 'D', 'Completed'),
(42, 7,  'Spring', 2021, 'A', 'Completed'),
(42, 8,  'Spring', 2021, 'B', 'Completed'),
(42, 13, 'Spring', 2021, 'A', 'Completed'),
(42, 25, 'Spring', 2021, 'C', 'Completed'),
(42, 29, 'Spring', 2021, 'B', 'Completed'),
(43, 10, 'Spring', 2021, 'B', 'Completed'),
(43, 11, 'Spring', 2021, 'A', 'Completed'),
(43, 16, 'Spring', 2021, 'A', 'Completed'),
(43, 22, 'Spring', 2021, 'B', 'Completed'),
(43, 30, 'Spring', 2021, 'C', 'Completed'),
(44, 9,  'Spring', 2021, 'A', 'Completed'),
(44, 13, 'Spring', 2021, 'B', 'Completed'),
(44, 17, 'Spring', 2021, 'A', 'Completed'),
(44, 25, 'Spring', 2021, 'B', 'Completed'),
(44, 30, 'Spring', 2021, 'C', 'Completed'),
(45, 11, 'Spring', 2021, 'A', 'Completed'),
(45, 12, 'Spring', 2021, 'B', 'Completed'),
(45, 7,  'Spring', 2021, 'A', 'Completed'),
(45, 25, 'Spring', 2021, 'B', 'Completed'),
(45, 29, 'Spring', 2021, 'C', 'Completed'),
(46, 20, 'Spring', 2021, 'B', 'Completed'),
(46, 29, 'Spring', 2021, 'A', 'Completed'),
(46, 30, 'Spring', 2021, 'B', 'Completed'),
(46, 1,  'Spring', 2021, 'C', 'Completed'),
(46, 7,  'Spring', 2021, NULL, 'Dropped'),
(47, 1,  'Spring', 2021, 'B', 'Completed'),
(47, 7,  'Spring', 2021, 'A', 'Completed'),
(47, 29, 'Spring', 2021, 'B', 'Completed'),
(47, 30, 'Spring', 2021, 'A', 'Completed'),
(47, 13, 'Spring', 2021, 'C', 'Completed'),
(48, 25, 'Spring', 2021, 'A', 'Completed'),
(48, 29, 'Spring', 2021, 'B', 'Completed'),
(48, 30, 'Spring', 2021, 'A', 'Completed'),
(48, 7,  'Spring', 2021, 'C', 'Completed'),
(48, 13, 'Spring', 2021, 'B', 'Completed'),
(49, 8,  'Spring', 2021, 'B', 'Completed'),
(49, 9,  'Spring', 2021, 'A', 'Completed'),
(49, 16, 'Spring', 2021, 'B', 'Completed'),
(49, 22, 'Spring', 2021, 'A', 'Completed'),
(49, 28, 'Spring', 2021, 'C', 'Completed'),
(50, 1,  'Spring', 2021, 'A', 'Completed'),
(50, 7,  'Spring', 2021, 'B', 'Completed'),
(50, 13, 'Spring', 2021, 'A', 'Completed'),
(50, 19, 'Spring', 2021, 'B', 'Completed'),
(50, 25, 'Spring', 2021, 'C', 'Completed'),
(51, 7,  'Spring', 2021, 'B', 'Completed'),
(51, 8,  'Spring', 2021, 'C', 'Completed'),
(51, 16, 'Spring', 2021, 'A', 'Completed'),
(51, 22, 'Spring', 2021, 'B', 'Completed'),
(51, 28, 'Spring', 2021, 'A', 'Completed'),
(52, 8,  'Spring', 2021, 'A', 'Completed'),
(52, 9,  'Spring', 2021, 'B', 'Completed'),
(52, 25, 'Spring', 2021, 'C', 'Completed'),
(52, 29, 'Spring', 2021, 'A', 'Completed'),
(52, 30, 'Spring', 2021, 'B', 'Completed'),
(53, 10, 'Spring', 2021, 'B', 'Completed'),
(53, 13, 'Spring', 2021, 'A', 'Completed'),
(53, 19, 'Spring', 2021, 'B', 'Completed'),
(53, 22, 'Spring', 2021, 'C', 'Completed'),
(53, 28, 'Spring', 2021, 'B', 'Completed'),
(54, 9,  'Spring', 2021, 'A', 'Completed'),
(54, 14, 'Spring', 2021, 'B', 'Completed'),
(54, 19, 'Spring', 2021, 'A', 'Completed'),
(54, 25, 'Spring', 2021, 'B', 'Completed'),
(54, 30, 'Spring', 2021, 'C', 'Completed'),
(55, 7,  'Spring', 2021, 'A', 'Completed'),
(55, 11, 'Spring', 2021, 'B', 'Completed'),
(55, 17, 'Spring', 2021, 'A', 'Completed'),
(55, 25, 'Spring', 2021, 'B', 'Completed'),
(55, 29, 'Spring', 2021, 'C', 'Completed'),
(56, 20, 'Spring', 2021, 'A', 'Completed'),
(56, 21, 'Spring', 2021, 'B', 'Completed'),
(56, 29, 'Spring', 2021, 'A', 'Completed'),
(56, 30, 'Spring', 2021, 'B', 'Completed'),
(56, 1,  'Spring', 2021, 'C', 'Completed'),
(57, 1,  'Spring', 2021, 'B', 'Completed'),
(57, 7,  'Spring', 2021, 'A', 'Completed'),
(57, 13, 'Spring', 2021, 'C', 'Completed'),
(57, 29, 'Spring', 2021, 'A', 'Completed'),
(57, 30, 'Spring', 2021, 'B', 'Completed'),
(58, 7,  'Spring', 2021, 'A', 'Completed'),
(58, 13, 'Spring', 2021, 'B', 'Completed'),
(58, 17, 'Spring', 2021, 'A', 'Completed'),
(58, 25, 'Spring', 2021, 'C', 'Completed'),
(58, 30, 'Spring', 2021, 'B', 'Completed'),
(59, 9,  'Spring', 2021, 'B', 'Completed'),
(59, 13, 'Spring', 2021, 'A', 'Completed'),
(59, 16, 'Spring', 2021, 'B', 'Completed'),
(59, 22, 'Spring', 2021, 'A', 'Completed'),
(59, 28, 'Spring', 2021, 'C', 'Completed'),
(60, 1,  'Spring', 2021, 'A', 'Completed'),
(60, 7,  'Spring', 2021, 'B', 'Completed'),
(60, 17, 'Spring', 2021, 'A', 'Completed'),
(60, 22, 'Spring', 2021, 'B', 'Completed'),
(60, 25, 'Spring', 2021, 'C', 'Completed');
GO

-- ─────────────────────────────────────────────
-- COHORT 3 | Students 61–90 | Fall 2021
-- ─────────────────────────────────────────────
INSERT INTO dbo.Enrollments (StudentID, CourseID, Semester, Academic_Year, Grade, Status) VALUES
(61, 1,  'Fall', 2021, 'B', 'Completed'),
(61, 2,  'Fall', 2021, 'A', 'Completed'),
(61, 3,  'Fall', 2021, 'B', 'Completed'),
(61, 4,  'Fall', 2021, 'C', 'Completed'),
(61, 5,  'Fall', 2021, 'B', 'Completed'),
(61, 6,  'Fall', 2021, 'A', 'Completed'),
(62, 4,  'Fall', 2021, 'A', 'Completed'),
(62, 5,  'Fall', 2021, 'A', 'Completed'),
(62, 6,  'Fall', 2021, 'B', 'Completed'),
(62, 9,  'Fall', 2021, 'C', 'Completed'),
(62, 16, 'Fall', 2021, 'B', 'Completed'),
(62, 22, 'Fall', 2021, 'A', 'Completed'),
(63, 7,  'Fall', 2021, 'B', 'Completed'),
(63, 8,  'Fall', 2021, 'A', 'Completed'),
(63, 9,  'Fall', 2021, 'B', 'Completed'),
(63, 4,  'Fall', 2021, 'C', 'Completed'),
(63, 1,  'Fall', 2021, 'B', 'Completed'),
(63, 25, 'Fall', 2021, 'A', 'Completed'),
(63, 22, 'Fall', 2021, 'B', 'Completed'),
(64, 10, 'Fall', 2021, 'A', 'Completed'),
(64, 11, 'Fall', 2021, 'B', 'Completed'),
(64, 12, 'Fall', 2021, 'A', 'Completed'),
(64, 4,  'Fall', 2021, 'B', 'Completed'),
(64, 13, 'Fall', 2021, 'C', 'Completed'),
(64, 22, 'Fall', 2021, 'B', 'Completed'),
(65, 13, 'Fall', 2021, 'A', 'Completed'),
(65, 14, 'Fall', 2021, 'B', 'Completed'),
(65, 15, 'Fall', 2021, 'A', 'Completed'),
(65, 4,  'Fall', 2021, 'B', 'Completed'),
(65, 10, 'Fall', 2021, 'C', 'Completed'),
(65, 1,  'Fall', 2021, 'B', 'Completed'),
(65, 28, 'Fall', 2021, 'A', 'Completed'),
(66, 16, 'Fall', 2021, 'A', 'Completed'),
(66, 17, 'Fall', 2021, 'B', 'Completed'),
(66, 18, 'Fall', 2021, 'A', 'Completed'),
(66, 19, 'Fall', 2021, 'B', 'Completed'),
(66, 22, 'Fall', 2021, 'C', 'Completed'),
(66, 28, 'Fall', 2021, 'B', 'Completed'),
(67, 19, 'Fall', 2021, 'B', 'Completed'),
(67, 20, 'Fall', 2021, 'A', 'Completed'),
(67, 21, 'Fall', 2021, 'B', 'Completed'),
(67, 16, 'Fall', 2021, 'A', 'Completed'),
(67, 4,  'Fall', 2021, 'C', 'Completed'),
(67, 22, 'Fall', 2021, 'B', 'Completed'),
(67, 28, 'Fall', 2021, 'A', 'Completed'),
(68, 22, 'Fall', 2021, 'A', 'Completed'),
(68, 23, 'Fall', 2021, 'B', 'Completed'),
(68, 24, 'Fall', 2021, 'A', 'Completed'),
(68, 16, 'Fall', 2021, 'B', 'Completed'),
(68, 19, 'Fall', 2021, 'C', 'Completed'),
(68, 28, 'Fall', 2021, 'A', 'Completed'),
(69, 25, 'Fall', 2021, 'B', 'Completed'),
(69, 26, 'Fall', 2021, 'A', 'Completed'),
(69, 27, 'Fall', 2021, 'B', 'Completed'),
(69, 4,  'Fall', 2021, 'A', 'Completed'),
(69, 5,  'Fall', 2021, 'B', 'Completed'),
(69, 7,  'Fall', 2021, 'C', 'Completed'),
(70, 28, 'Fall', 2021, 'A', 'Completed'),
(70, 29, 'Fall', 2021, 'B', 'Completed'),
(70, 30, 'Fall', 2021, 'A', 'Completed'),
(70, 16, 'Fall', 2021, 'B', 'Completed'),
(70, 22, 'Fall', 2021, 'C', 'Completed'),
(70, 4,  'Fall', 2021, 'B', 'Completed'),
(71, 1,  'Fall', 2021, 'C', 'Completed'),
(71, 2,  'Fall', 2021, NULL, 'Dropped'),
(71, 3,  'Fall', 2021, 'B', 'Completed'),
(71, 4,  'Fall', 2021, 'D', 'Completed'),
(71, 6,  'Fall', 2021, 'C', 'Completed'),
(71, 19, 'Fall', 2021, 'B', 'Completed'),
(72, 4,  'Fall', 2021, 'B', 'Completed'),
(72, 5,  'Fall', 2021, 'A', 'Completed'),
(72, 7,  'Fall', 2021, 'B', 'Completed'),
(72, 16, 'Fall', 2021, 'A', 'Completed'),
(72, 22, 'Fall', 2021, 'B', 'Completed'),
(72, 28, 'Fall', 2021, 'C', 'Completed'),
(73, 8,  'Fall', 2021, 'B', 'Completed'),
(73, 9,  'Fall', 2021, 'A', 'Completed'),
(73, 4,  'Fall', 2021, 'B', 'Completed'),
(73, 1,  'Fall', 2021, 'C', 'Completed'),
(73, 22, 'Fall', 2021, 'B', 'Completed'),
(73, 16, 'Fall', 2021, 'A', 'Completed'),
(74, 10, 'Fall', 2021, 'A', 'Completed'),
(74, 12, 'Fall', 2021, 'B', 'Completed'),
(74, 4,  'Fall', 2021, 'A', 'Completed'),
(74, 13, 'Fall', 2021, NULL, 'Dropped'),
(74, 16, 'Fall', 2021, 'B', 'Completed'),
(74, 22, 'Fall', 2021, 'C', 'Completed'),
(75, 14, 'Fall', 2021, 'A', 'Completed'),
(75, 15, 'Fall', 2021, 'B', 'Completed'),
(75, 4,  'Fall', 2021, 'A', 'Completed'),
(75, 10, 'Fall', 2021, 'B', 'Completed'),
(75, 22, 'Fall', 2021, 'C', 'Completed'),
(75, 28, 'Fall', 2021, 'A', 'Completed'),
(75, 16, 'Fall', 2021, 'B', 'Completed'),
(76, 16, 'Fall', 2021, 'A', 'Completed'),
(76, 18, 'Fall', 2021, 'B', 'Completed'),
(76, 20, 'Fall', 2021, 'A', 'Completed'),
(76, 28, 'Fall', 2021, 'B', 'Completed'),
(76, 4,  'Fall', 2021, 'C', 'Completed'),
(77, 20, 'Fall', 2021, 'B', 'Completed'),
(77, 21, 'Fall', 2021, 'A', 'Completed'),
(77, 19, 'Fall', 2021, 'B', 'Completed'),
(77, 16, 'Fall', 2021, 'A', 'Completed'),
(77, 4,  'Fall', 2021, 'C', 'Completed'),
(77, 22, 'Fall', 2021, 'B', 'Completed'),
(78, 23, 'Fall', 2021, 'A', 'Completed'),
(78, 24, 'Fall', 2021, 'B', 'Completed'),
(78, 22, 'Fall', 2021, 'A', 'Completed'),
(78, 16, 'Fall', 2021, 'B', 'Completed'),
(78, 4,  'Fall', 2021, 'C', 'Completed'),
(78, 28, 'Fall', 2021, 'A', 'Completed'),
(79, 26, 'Fall', 2021, 'B', 'Completed'),
(79, 27, 'Fall', 2021, 'A', 'Completed'),
(79, 4,  'Fall', 2021, 'B', 'Completed'),
(79, 7,  'Fall', 2021, 'A', 'Completed'),
(79, 1,  'Fall', 2021, 'C', 'Completed'),
(79, 22, 'Fall', 2021, 'B', 'Completed'),
(80, 29, 'Fall', 2021, 'A', 'Completed'),
(80, 30, 'Fall', 2021, 'B', 'Completed'),
(80, 28, 'Fall', 2021, 'A', 'Completed'),
(80, 16, 'Fall', 2021, 'B', 'Completed'),
(80, 22, 'Fall', 2021, 'C', 'Completed'),
(80, 4,  'Fall', 2021, 'B', 'Completed'),
-- Students 81-90
(81, 2,  'Fall', 2021, 'C', 'Completed'),
(81, 3,  'Fall', 2021, 'B', 'Completed'),
(81, 4,  'Fall', 2021, 'F', 'Failed'),
(81, 6,  'Fall', 2021, 'C', 'Completed'),
(81, 22, 'Fall', 2021, 'B', 'Completed'),
(82, 5,  'Fall', 2021, 'A', 'Completed'),
(82, 6,  'Fall', 2021, 'B', 'Completed'),
(82, 4,  'Fall', 2021, 'A', 'Completed'),
(82, 16, 'Fall', 2021, 'B', 'Completed'),
(82, 22, 'Fall', 2021, 'C', 'Completed'),
(82, 28, 'Fall', 2021, 'B', 'Completed'),
(83, 7,  'Fall', 2021, 'B', 'Completed'),
(83, 9,  'Fall', 2021, 'A', 'Completed'),
(83, 4,  'Fall', 2021, 'B', 'Completed'),
(83, 25, 'Fall', 2021, 'C', 'Completed'),
(83, 1,  'Fall', 2021, 'B', 'Completed'),
(83, 16, 'Fall', 2021, 'A', 'Completed'),
(84, 11, 'Fall', 2021, 'B', 'Completed'),
(84, 12, 'Fall', 2021, 'A', 'Completed'),
(84, 4,  'Fall', 2021, 'B', 'Completed'),
(84, 14, 'Fall', 2021, 'C', 'Completed'),
(84, 16, 'Fall', 2021, 'A', 'Completed'),
(84, 22, 'Fall', 2021, 'B', 'Completed'),
(84, 28, 'Fall', 2021, 'C', 'Completed'),
(85, 15, 'Fall', 2021, 'A', 'Completed'),
(85, 13, 'Fall', 2021, 'B', 'Completed'),
(85, 4,  'Fall', 2021, 'A', 'Completed'),
(85, 10, 'Fall', 2021, NULL, 'Dropped'),
(85, 22, 'Fall', 2021, 'C', 'Completed'),
(85, 28, 'Fall', 2021, 'A', 'Completed'),
(86, 17, 'Fall', 2021, 'A', 'Completed'),
(86, 16, 'Fall', 2021, 'B', 'Completed'),
(86, 18, 'Fall', 2021, 'A', 'Completed'),
(86, 20, 'Fall', 2021, 'B', 'Completed'),
(86, 28, 'Fall', 2021, 'C', 'Completed'),
(86, 22, 'Fall', 2021, 'B', 'Completed'),
(87, 19, 'Fall', 2021, 'B', 'Completed'),
(87, 20, 'Fall', 2021, 'A', 'Completed'),
(87, 16, 'Fall', 2021, 'B', 'Completed'),
(87, 4,  'Fall', 2021, 'C', 'Completed'),
(87, 22, 'Fall', 2021, 'B', 'Completed'),
(88, 22, 'Fall', 2021, 'B', 'Completed'),
(88, 24, 'Fall', 2021, 'A', 'Completed'),
(88, 16, 'Fall', 2021, 'A', 'Completed'),
(88, 4,  'Fall', 2021, 'B', 'Completed'),
(88, 19, 'Fall', 2021, 'C', 'Completed'),
(88, 28, 'Fall', 2021, 'A', 'Completed'),
(89, 25, 'Fall', 2021, 'A', 'Completed'),
(89, 27, 'Fall', 2021, 'B', 'Completed'),
(89, 4,  'Fall', 2021, 'A', 'Completed'),
(89, 7,  'Fall', 2021, 'B', 'Completed'),
(89, 1,  'Fall', 2021, 'C', 'Completed'),
(89, 22, 'Fall', 2021, 'B', 'Completed'),
(90, 28, 'Fall', 2021, 'A', 'Completed'),
(90, 30, 'Fall', 2021, 'B', 'Completed'),
(90, 16, 'Fall', 2021, 'A', 'Completed'),
(90, 22, 'Fall', 2021, 'B', 'Completed'),
(90, 4,  'Fall', 2021, 'C', 'Completed'),
(90, 19, 'Fall', 2021, 'B', 'Completed');
GO

-- ─────────────────────────────────────────────
-- COHORT 3 | Students 61–90 | Spring 2022
-- ─────────────────────────────────────────────
INSERT INTO dbo.Enrollments (StudentID, CourseID, Semester, Academic_Year, Grade, Status) VALUES
(61, 7,  'Spring', 2022, 'A', 'Completed'),
(61, 8,  'Spring', 2022, 'B', 'Completed'),
(61, 19, 'Spring', 2022, 'A', 'Completed'),
(61, 22, 'Spring', 2022, 'C', 'Completed'),
(61, 28, 'Spring', 2022, 'B', 'Completed'),
(62, 7,  'Spring', 2022, 'A', 'Completed'),
(62, 8,  'Spring', 2022, 'B', 'Completed'),
(62, 13, 'Spring', 2022, 'A', 'Completed'),
(62, 25, 'Spring', 2022, 'C', 'Completed'),
(62, 29, 'Spring', 2022, 'B', 'Completed'),
(62, 30, 'Spring', 2022, 'A', 'Completed'),
(63, 10, 'Spring', 2022, 'B', 'Completed'),
(63, 13, 'Spring', 2022, 'A', 'Completed'),
(63, 16, 'Spring', 2022, 'B', 'Completed'),
(63, 28, 'Spring', 2022, 'C', 'Completed'),
(63, 30, 'Spring', 2022, 'B', 'Completed'),
(64, 9,  'Spring', 2022, 'A', 'Completed'),
(64, 14, 'Spring', 2022, 'B', 'Completed'),
(64, 19, 'Spring', 2022, 'A', 'Completed'),
(64, 25, 'Spring', 2022, 'B', 'Completed'),
(64, 29, 'Spring', 2022, 'C', 'Completed'),
(65, 7,  'Spring', 2022, 'A', 'Completed'),
(65, 11, 'Spring', 2022, 'B', 'Completed'),
(65, 17, 'Spring', 2022, 'A', 'Completed'),
(65, 25, 'Spring', 2022, 'B', 'Completed'),
(65, 29, 'Spring', 2022, 'C', 'Completed'),
(65, 30, 'Spring', 2022, 'A', 'Completed'),
(66, 20, 'Spring', 2022, 'A', 'Completed'),
(66, 21, 'Spring', 2022, 'B', 'Completed'),
(66, 29, 'Spring', 2022, 'A', 'Completed'),
(66, 30, 'Spring', 2022, 'B', 'Completed'),
(66, 1,  'Spring', 2022, 'C', 'Completed'),
(67, 22, 'Spring', 2022, 'B', 'Completed'),
(67, 29, 'Spring', 2022, 'A', 'Completed'),
(67, 30, 'Spring', 2022, 'B', 'Completed'),
(67, 1,  'Spring', 2022, 'C', 'Completed'),
(67, 7,  'Spring', 2022, 'A', 'Completed'),
(68, 25, 'Spring', 2022, 'A', 'Completed'),
(68, 29, 'Spring', 2022, 'B', 'Completed'),
(68, 30, 'Spring', 2022, 'A', 'Completed'),
(68, 7,  'Spring', 2022, 'C', 'Completed'),
(68, 10, 'Spring', 2022, 'B', 'Completed'),
(68, 13, 'Spring', 2022, 'B', 'Completed'),
(69, 8,  'Spring', 2022, 'B', 'Completed'),
(69, 9,  'Spring', 2022, 'A', 'Completed'),
(69, 16, 'Spring', 2022, 'B', 'Completed'),
(69, 22, 'Spring', 2022, 'A', 'Completed'),
(69, 28, 'Spring', 2022, 'C', 'Completed'),
(70, 1,  'Spring', 2022, 'A', 'Completed'),
(70, 7,  'Spring', 2022, 'B', 'Completed'),
(70, 13, 'Spring', 2022, 'C', 'Completed'),
(70, 19, 'Spring', 2022, 'A', 'Completed'),
(70, 25, 'Spring', 2022, 'B', 'Completed'),
(71, 7,  'Spring', 2022, 'D', 'Completed'),
(71, 16, 'Spring', 2022, 'C', 'Completed'),
(71, 22, 'Spring', 2022, 'B', 'Completed'),
(71, 25, 'Spring', 2022, NULL, 'Dropped'),
(71, 28, 'Spring', 2022, 'D', 'Completed'),
(72, 8,  'Spring', 2022, 'A', 'Completed'),
(72, 9,  'Spring', 2022, 'B', 'Completed'),
(72, 13, 'Spring', 2022, 'A', 'Completed'),
(72, 25, 'Spring', 2022, 'C', 'Completed'),
(72, 29, 'Spring', 2022, 'B', 'Completed'),
(73, 10, 'Spring', 2022, 'B', 'Completed'),
(73, 13, 'Spring', 2022, 'A', 'Completed'),
(73, 19, 'Spring', 2022, 'B', 'Completed'),
(73, 22, 'Spring', 2022, 'C', 'Completed'),
(73, 28, 'Spring', 2022, 'B', 'Completed'),
(74, 9,  'Spring', 2022, 'A', 'Completed'),
(74, 14, 'Spring', 2022, 'B', 'Completed'),
(74, 19, 'Spring', 2022, 'A', 'Completed'),
(74, 25, 'Spring', 2022, 'B', 'Completed'),
(74, 30, 'Spring', 2022, 'C', 'Completed'),
(75, 11, 'Spring', 2022, 'A', 'Completed'),
(75, 12, 'Spring', 2022, 'B', 'Completed'),
(75, 17, 'Spring', 2022, 'A', 'Completed'),
(75, 25, 'Spring', 2022, 'B', 'Completed'),
(75, 29, 'Spring', 2022, 'C', 'Completed'),
(76, 19, 'Spring', 2022, 'B', 'Completed'),
(76, 21, 'Spring', 2022, 'A', 'Completed'),
(76, 29, 'Spring', 2022, 'B', 'Completed'),
(76, 30, 'Spring', 2022, 'A', 'Completed'),
(76, 1,  'Spring', 2022, 'C', 'Completed'),
(77, 1,  'Spring', 2022, 'B', 'Completed'),
(77, 7,  'Spring', 2022, 'A', 'Completed'),
(77, 29, 'Spring', 2022, 'B', 'Completed'),
(77, 30, 'Spring', 2022, 'A', 'Completed'),
(77, 13, 'Spring', 2022, 'C', 'Completed'),
(78, 7,  'Spring', 2022, 'A', 'Completed'),
(78, 13, 'Spring', 2022, 'B', 'Completed'),
(78, 17, 'Spring', 2022, 'A', 'Completed'),
(78, 25, 'Spring', 2022, 'C', 'Completed'),
(78, 30, 'Spring', 2022, 'B', 'Completed'),
(79, 9,  'Spring', 2022, 'B', 'Completed'),
(79, 13, 'Spring', 2022, 'A', 'Completed'),
(79, 16, 'Spring', 2022, 'B', 'Completed'),
(79, 22, 'Spring', 2022, 'A', 'Completed'),
(79, 28, 'Spring', 2022, 'C', 'Completed'),
(80, 1,  'Spring', 2022, 'A', 'Completed'),
(80, 7,  'Spring', 2022, 'B', 'Completed'),
(80, 17, 'Spring', 2022, 'A', 'Completed'),
(80, 22, 'Spring', 2022, 'B', 'Completed'),
(80, 25, 'Spring', 2022, 'C', 'Completed'),
(81, 7,  'Spring', 2022, 'B', 'Completed'),
(81, 9,  'Spring', 2022, 'C', 'Completed'),
(81, 16, 'Spring', 2022, 'B', 'Completed'),
(81, 22, 'Spring', 2022, 'D', 'Completed'),
(81, 28, 'Spring', 2022, 'C', 'Completed'),
(82, 8,  'Spring', 2022, 'A', 'Completed'),
(82, 9,  'Spring', 2022, 'B', 'Completed'),
(82, 13, 'Spring', 2022, 'A', 'Completed'),
(82, 25, 'Spring', 2022, 'C', 'Completed'),
(82, 30, 'Spring', 2022, 'B', 'Completed'),
(83, 10, 'Spring', 2022, 'B', 'Completed'),
(83, 13, 'Spring', 2022, 'A', 'Completed'),
(83, 22, 'Spring', 2022, 'B', 'Completed'),
(83, 28, 'Spring', 2022, 'C', 'Completed'),
(83, 30, 'Spring', 2022, 'B', 'Completed'),
(84, 9,  'Spring', 2022, 'A', 'Completed'),
(84, 13, 'Spring', 2022, 'B', 'Completed'),
(84, 19, 'Spring', 2022, 'A', 'Completed'),
(84, 25, 'Spring', 2022, 'B', 'Completed'),
(84, 30, 'Spring', 2022, 'C', 'Completed'),
(85, 7,  'Spring', 2022, 'A', 'Completed'),
(85, 11, 'Spring', 2022, 'B', 'Completed'),
(85, 17, 'Spring', 2022, 'A', 'Completed'),
(85, 25, 'Spring', 2022, 'B', 'Completed'),
(85, 29, 'Spring', 2022, 'C', 'Completed'),
(86, 19, 'Spring', 2022, 'A', 'Completed'),
(86, 21, 'Spring', 2022, 'B', 'Completed'),
(86, 29, 'Spring', 2022, 'A', 'Completed'),
(86, 30, 'Spring', 2022, 'B', 'Completed'),
(86, 1,  'Spring', 2022, 'C', 'Completed'),
(87, 1,  'Spring', 2022, 'B', 'Completed'),
(87, 7,  'Spring', 2022, 'A', 'Completed'),
(87, 29, 'Spring', 2022, 'B', 'Completed'),
(87, 30, 'Spring', 2022, 'A', 'Completed'),
(87, 13, 'Spring', 2022, 'C', 'Completed'),
(88, 7,  'Spring', 2022, 'A', 'Completed'),
(88, 13, 'Spring', 2022, 'B', 'Completed'),
(88, 17, 'Spring', 2022, 'A', 'Completed'),
(88, 25, 'Spring', 2022, 'C', 'Completed'),
(88, 30, 'Spring', 2022, 'B', 'Completed'),
(89, 9,  'Spring', 2022, 'A', 'Completed'),
(89, 13, 'Spring', 2022, 'B', 'Completed'),
(89, 16, 'Spring', 2022, 'A', 'Completed'),
(89, 28, 'Spring', 2022, 'C', 'Completed'),
(89, 30, 'Spring', 2022, 'B', 'Completed'),
(90, 1,  'Spring', 2022, 'A', 'Completed'),
(90, 7,  'Spring', 2022, 'B', 'Completed'),
(90, 17, 'Spring', 2022, 'A', 'Completed'),
(90, 25, 'Spring', 2022, 'B', 'Completed'),
(90, 30, 'Spring', 2022, 'C', 'Completed');
GO

-- ─────────────────────────────────────────────
-- COHORT 4 | Students 91–110 | Fall 2023
-- ─────────────────────────────────────────────
INSERT INTO dbo.Enrollments (StudentID, CourseID, Semester, Academic_Year, Grade, Status) VALUES
(91,  1,  'Fall', 2023, 'B', 'Completed'),
(91,  2,  'Fall', 2023, 'A', 'Completed'),
(91,  4,  'Fall', 2023, 'C', 'Completed'),
(91,  5,  'Fall', 2023, 'B', 'Completed'),
(91,  6,  'Fall', 2023, 'A', 'Completed'),
(91,  16, 'Fall', 2023, 'B', 'Completed'),
(92,  4,  'Fall', 2023, 'A', 'Completed'),
(92,  5,  'Fall', 2023, 'B', 'Completed'),
(92,  6,  'Fall', 2023, 'A', 'Completed'),
(92,  16, 'Fall', 2023, 'B', 'Completed'),
(92,  22, 'Fall', 2023, 'C', 'Completed'),
(92,  28, 'Fall', 2023, 'B', 'Completed'),
(93,  7,  'Fall', 2023, 'B', 'Completed'),
(93,  8,  'Fall', 2023, 'C', 'Completed'),
(93,  4,  'Fall', 2023, 'A', 'Completed'),
(93,  1,  'Fall', 2023, 'B', 'Completed'),
(93,  22, 'Fall', 2023, 'A', 'Completed'),
(93,  25, 'Fall', 2023, 'B', 'Completed'),
(93,  16, 'Fall', 2023, 'C', 'Completed'),
(94,  10, 'Fall', 2023, 'A', 'Completed'),
(94,  11, 'Fall', 2023, 'B', 'Completed'),
(94,  4,  'Fall', 2023, 'B', 'Completed'),
(94,  13, 'Fall', 2023, 'A', 'Completed'),
(94,  16, 'Fall', 2023, 'C', 'Completed'),
(94,  22, 'Fall', 2023, 'B', 'Completed'),
(95,  13, 'Fall', 2023, 'A', 'Completed'),
(95,  14, 'Fall', 2023, 'B', 'Completed'),
(95,  4,  'Fall', 2023, 'A', 'Completed'),
(95,  10, 'Fall', 2023, 'C', 'Completed'),
(95,  22, 'Fall', 2023, 'B', 'Completed'),
(95,  28, 'Fall', 2023, 'A', 'Completed'),
(96,  16, 'Fall', 2023, 'A', 'Completed'),
(96,  17, 'Fall', 2023, 'B', 'Completed'),
(96,  18, 'Fall', 2023, 'A', 'Completed'),
(96,  19, 'Fall', 2023, 'B', 'Completed'),
(96,  22, 'Fall', 2023, 'C', 'Completed'),
(97,  19, 'Fall', 2023, 'B', 'Completed'),
(97,  20, 'Fall', 2023, 'A', 'Completed'),
(97,  21, 'Fall', 2023, 'B', 'Completed'),
(97,  16, 'Fall', 2023, 'A', 'Completed'),
(97,  4,  'Fall', 2023, 'C', 'Completed'),
(97,  22, 'Fall', 2023, 'B', 'Completed'),
(98,  22, 'Fall', 2023, 'A', 'Completed'),
(98,  23, 'Fall', 2023, 'B', 'Completed'),
(98,  24, 'Fall', 2023, 'A', 'Completed'),
(98,  16, 'Fall', 2023, 'B', 'Completed'),
(98,  28, 'Fall', 2023, 'C', 'Completed'),
(99,  25, 'Fall', 2023, 'B', 'Completed'),
(99,  26, 'Fall', 2023, 'A', 'Completed'),
(99,  27, 'Fall', 2023, 'B', 'Completed'),
(99,  4,  'Fall', 2023, 'A', 'Completed'),
(99,  5,  'Fall', 2023, 'B', 'Completed'),
(99,  7,  'Fall', 2023, 'C', 'Completed'),
(100, 28, 'Fall', 2023, 'A', 'Completed'),
(100, 29, 'Fall', 2023, 'B', 'Completed'),
(100, 30, 'Fall', 2023, 'A', 'Completed'),
(100, 16, 'Fall', 2023, 'B', 'Completed'),
(100, 22, 'Fall', 2023, 'C', 'Completed'),
(100, 4,  'Fall', 2023, 'B', 'Completed'),
(101, 1,  'Fall', 2023, 'C', 'Completed'),
(101, 2,  'Fall', 2023, NULL, 'Dropped'),
(101, 4,  'Fall', 2023, 'D', 'Completed'),
(101, 5,  'Fall', 2023, 'C', 'Completed'),
(101, 22, 'Fall', 2023, 'B', 'Completed'),
(102, 4,  'Fall', 2023, 'B', 'Completed'),
(102, 6,  'Fall', 2023, 'A', 'Completed'),
(102, 16, 'Fall', 2023, 'B', 'Completed'),
(102, 22, 'Fall', 2023, 'C', 'Completed'),
(102, 28, 'Fall', 2023, 'A', 'Completed'),
(102, 30, 'Fall', 2023, 'B', 'Completed'),
(103, 8,  'Fall', 2023, 'B', 'Completed'),
(103, 9,  'Fall', 2023, 'A', 'Completed'),
(103, 4,  'Fall', 2023, 'B', 'Completed'),
(103, 1,  'Fall', 2023, 'C', 'Completed'),
(103, 16, 'Fall', 2023, 'A', 'Completed'),
(103, 22, 'Fall', 2023, 'B', 'Completed'),
(104, 10, 'Fall', 2023, 'A', 'Completed'),
(104, 12, 'Fall', 2023, 'B', 'Completed'),
(104, 4,  'Fall', 2023, 'A', 'Completed'),
(104, 16, 'Fall', 2023, 'B', 'Completed'),
(104, 22, 'Fall', 2023, 'C', 'Completed'),
(104, 28, 'Fall', 2023, 'B', 'Completed'),
(105, 14, 'Fall', 2023, 'A', 'Completed'),
(105, 15, 'Fall', 2023, 'B', 'Completed'),
(105, 4,  'Fall', 2023, 'A', 'Completed'),
(105, 10, 'Fall', 2023, 'C', 'Completed'),
(105, 28, 'Fall', 2023, 'A', 'Completed'),
(105, 22, 'Fall', 2023, 'B', 'Completed'),
(106, 16, 'Fall', 2023, 'A', 'Completed'),
(106, 18, 'Fall', 2023, 'B', 'Completed'),
(106, 19, 'Fall', 2023, 'A', 'Completed'),
(106, 21, 'Fall', 2023, NULL, 'Dropped'),
(106, 28, 'Fall', 2023, 'B', 'Completed'),
(107, 20, 'Fall', 2023, 'B', 'Completed'),
(107, 21, 'Fall', 2023, 'A', 'Completed'),
(107, 16, 'Fall', 2023, 'B', 'Completed'),
(107, 4,  'Fall', 2023, 'C', 'Completed'),
(107, 22, 'Fall', 2023, 'B', 'Completed'),
(108, 23, 'Fall', 2023, 'A', 'Completed'),
(108, 24, 'Fall', 2023, 'B', 'Completed'),
(108, 22, 'Fall', 2023, 'A', 'Completed'),
(108, 16, 'Fall', 2023, 'B', 'Completed'),
(108, 4,  'Fall', 2023, 'C', 'Completed'),
(108, 28, 'Fall', 2023, 'A', 'Completed'),
(109, 26, 'Fall', 2023, 'B', 'Completed'),
(109, 27, 'Fall', 2023, 'A', 'Completed'),
(109, 4,  'Fall', 2023, 'B', 'Completed'),
(109, 7,  'Fall', 2023, 'A', 'Completed'),
(109, 1,  'Fall', 2023, 'C', 'Completed'),
(109, 22, 'Fall', 2023, 'B', 'Completed'),
(110, 29, 'Fall', 2023, 'A', 'Completed'),
(110, 28, 'Fall', 2023, 'B', 'Completed'),
(110, 16, 'Fall', 2023, 'A', 'Completed'),
(110, 22, 'Fall', 2023, 'B', 'Completed'),
(110, 4,  'Fall', 2023, 'C', 'Completed'),
(110, 19, 'Fall', 2023, 'B', 'Completed');
GO

-- ─────────────────────────────────────────────
-- COHORT 4 | Students 91–110 | Spring 2024
-- ─────────────────────────────────────────────
INSERT INTO dbo.Enrollments (StudentID, CourseID, Semester, Academic_Year, Grade, Status) VALUES
(91,  3,  'Spring', 2024, 'A', 'Completed'),
(91,  7,  'Spring', 2024, 'B', 'Completed'),
(91,  19, 'Spring', 2024, 'C', 'Completed'),
(91,  22, 'Spring', 2024, 'B', 'Completed'),
(91,  28, 'Spring', 2024, 'A', 'Completed'),
(92,  7,  'Spring', 2024, 'A', 'Completed'),
(92,  8,  'Spring', 2024, 'B', 'Completed'),
(92,  13, 'Spring', 2024, 'A', 'Completed'),
(92,  25, 'Spring', 2024, 'C', 'Completed'),
(92,  30, 'Spring', 2024, 'B', 'Completed'),
(93,  10, 'Spring', 2024, 'B', 'Completed'),
(93,  13, 'Spring', 2024, 'A', 'Completed'),
(93,  19, 'Spring', 2024, 'B', 'Completed'),
(93,  28, 'Spring', 2024, 'C', 'Completed'),
(93,  30, 'Spring', 2024, 'B', 'Completed'),
(94,  9,  'Spring', 2024, 'A', 'Completed'),
(94,  14, 'Spring', 2024, 'B', 'Completed'),
(94,  19, 'Spring', 2024, 'A', 'Completed'),
(94,  25, 'Spring', 2024, 'B', 'Completed'),
(94,  30, 'Spring', 2024, 'C', 'Completed'),
(95,  11, 'Spring', 2024, 'A', 'Completed'),
(95,  12, 'Spring', 2024, 'B', 'Completed'),
(95,  7,  'Spring', 2024, 'A', 'Completed'),
(95,  25, 'Spring', 2024, 'B', 'Completed'),
(95,  29, 'Spring', 2024, 'C', 'Completed'),
(96,  20, 'Spring', 2024, 'A', 'Completed'),
(96,  21, 'Spring', 2024, 'B', 'Completed'),
(96,  29, 'Spring', 2024, 'A', 'Completed'),
(96,  30, 'Spring', 2024, 'B', 'Completed'),
(96,  1,  'Spring', 2024, 'C', 'Completed'),
(97,  22, 'Spring', 2024, 'B', 'Completed'),
(97,  29, 'Spring', 2024, 'A', 'Completed'),
(97,  30, 'Spring', 2024, 'B', 'Completed'),
(97,  1,  'Spring', 2024, 'C', 'Completed'),
(97,  7,  'Spring', 2024, 'A', 'Completed'),
(98,  7,  'Spring', 2024, 'A', 'Completed'),
(98,  13, 'Spring', 2024, 'B', 'Completed'),
(98,  17, 'Spring', 2024, 'A', 'Completed'),
(98,  25, 'Spring', 2024, 'C', 'Completed'),
(98,  30, 'Spring', 2024, 'B', 'Completed'),
(99,  8,  'Spring', 2024, 'B', 'Completed'),
(99,  9,  'Spring', 2024, 'A', 'Completed'),
(99,  16, 'Spring', 2024, 'B', 'Completed'),
(99,  22, 'Spring', 2024, 'A', 'Completed'),
(99,  28, 'Spring', 2024, 'C', 'Completed'),
(100, 1,  'Spring', 2024, 'A', 'Completed'),
(100, 7,  'Spring', 2024, 'B', 'Completed'),
(100, 13, 'Spring', 2024, 'C', 'Completed'),
(100, 19, 'Spring', 2024, 'A', 'Completed'),
(100, 25, 'Spring', 2024, 'B', 'Completed'),
(101, 7,  'Spring', 2024, NULL, 'Dropped'),
(101, 16, 'Spring', 2024, 'C', 'Completed'),
(101, 22, 'Spring', 2024, 'B', 'Completed'),
(101, 28, 'Spring', 2024, 'D', 'Completed'),
(102, 8,  'Spring', 2024, 'A', 'Completed'),
(102, 9,  'Spring', 2024, 'B', 'Completed'),
(102, 25, 'Spring', 2024, 'C', 'Completed'),
(102, 29, 'Spring', 2024, 'A', 'Completed'),
(102, 30, 'Spring', 2024, 'B', 'Completed'),
(103, 10, 'Spring', 2024, 'B', 'Completed'),
(103, 13, 'Spring', 2024, 'A', 'Completed'),
(103, 19, 'Spring', 2024, 'B', 'Completed'),
(103, 28, 'Spring', 2024, 'C', 'Completed'),
(104, 9,  'Spring', 2024, 'A', 'Completed'),
(104, 14, 'Spring', 2024, 'B', 'Completed'),
(104, 19, 'Spring', 2024, 'A', 'Completed'),
(104, 30, 'Spring', 2024, 'C', 'Completed'),
(105, 7,  'Spring', 2024, 'A', 'Completed'),
(105, 11, 'Spring', 2024, 'B', 'Completed'),
(105, 17, 'Spring', 2024, 'A', 'Completed'),
(105, 29, 'Spring', 2024, 'C', 'Completed'),
(106, 19, 'Spring', 2024, 'A', 'Completed'),
(106, 20, 'Spring', 2024, 'B', 'Completed'),
(106, 29, 'Spring', 2024, 'A', 'Completed'),
(106, 30, 'Spring', 2024, 'B', 'Completed'),
(107, 1,  'Spring', 2024, 'B', 'Completed'),
(107, 7,  'Spring', 2024, 'A', 'Completed'),
(107, 29, 'Spring', 2024, 'B', 'Completed'),
(107, 30, 'Spring', 2024, 'A', 'Completed'),
(108, 7,  'Spring', 2024, 'A', 'Completed'),
(108, 13, 'Spring', 2024, 'B', 'Completed'),
(108, 17, 'Spring', 2024, 'A', 'Completed'),
(108, 30, 'Spring', 2024, 'C', 'Completed'),
(109, 9,  'Spring', 2024, 'A', 'Completed'),
(109, 13, 'Spring', 2024, 'B', 'Completed'),
(109, 16, 'Spring', 2024, 'A', 'Completed'),
(109, 28, 'Spring', 2024, 'C', 'Completed'),
(110, 1,  'Spring', 2024, 'A', 'Completed'),
(110, 7,  'Spring', 2024, 'B', 'Completed'),
(110, 17, 'Spring', 2024, 'A', 'Completed'),
(110, 25, 'Spring', 2024, 'B', 'Completed'),
(110, 30, 'Spring', 2024, 'C', 'Completed');
GO

-- ─────────────────────────────────────────────
-- COHORT 4 | Students 91–110 | Fall 2024
-- Mix of Completed, Active, Dropped
-- ─────────────────────────────────────────────
INSERT INTO dbo.Enrollments (StudentID, CourseID, Semester, Academic_Year, Grade, Status) VALUES
(91,  8,  'Fall', 2024, 'B', 'Completed'),
(91,  9,  'Fall', 2024, 'A', 'Completed'),
(91,  13, 'Fall', 2024, 'C', 'Completed'),
(91,  25, 'Fall', 2024, 'B', 'Completed'),
(91,  29, 'Fall', 2024, 'A', 'Completed'),
(92,  9,  'Fall', 2024, 'A', 'Completed'),
(92,  10, 'Fall', 2024, 'B', 'Completed'),
(92,  19, 'Fall', 2024, 'C', 'Completed'),
(92,  29, 'Fall', 2024, 'B', 'Completed'),
(92,  30, 'Fall', 2024, 'A', 'Completed'),
(93,  11, 'Fall', 2024, 'B', 'Completed'),
(93,  12, 'Fall', 2024, 'A', 'Completed'),
(93,  17, 'Fall', 2024, NULL, 'Dropped'),
(93,  29, 'Fall', 2024, 'B', 'Completed'),
(93,  30, 'Fall', 2024, 'C', 'Completed'),
(94,  9,  'Fall', 2024, 'A', 'Completed'),
(94,  15, 'Fall', 2024, 'B', 'Completed'),
(94,  17, 'Fall', 2024, 'A', 'Completed'),
(94,  29, 'Fall', 2024, 'C', 'Completed'),
(94,  30, 'Fall', 2024, 'B', 'Completed'),
(95,  7,  'Fall', 2024, 'A', 'Completed'),
(95,  9,  'Fall', 2024, 'B', 'Completed'),
(95,  17, 'Fall', 2024, 'A', 'Completed'),
(95,  20, 'Fall', 2024, 'B', 'Completed'),
(95,  30, 'Fall', 2024, 'C', 'Completed'),
(96,  1,  'Fall', 2024, 'B', 'Completed'),
(96,  4,  'Fall', 2024, 'A', 'Completed'),
(96,  7,  'Fall', 2024, 'C', 'Completed'),
(96,  25, 'Fall', 2024, 'B', 'Completed'),
(96,  28, 'Fall', 2024, 'A', 'Completed'),
(97,  1,  'Fall', 2024, 'B', 'Completed'),
(97,  4,  'Fall', 2024, 'C', 'Completed'),
(97,  10, 'Fall', 2024, 'B', 'Completed'),
(97,  25, 'Fall', 2024, 'A', 'Completed'),
(97,  28, 'Fall', 2024, 'B', 'Completed'),
(98,  1,  'Fall', 2024, 'A', 'Completed'),
(98,  4,  'Fall', 2024, 'B', 'Completed'),
(98,  9,  'Fall', 2024, 'C', 'Completed'),
(98,  19, 'Fall', 2024, 'B', 'Completed'),
(98,  29, 'Fall', 2024, 'A', 'Completed'),
(99,  3,  'Fall', 2024, 'B', 'Completed'),
(99,  10, 'Fall', 2024, 'A', 'Completed'),
(99,  13, 'Fall', 2024, 'B', 'Completed'),
(99,  19, 'Fall', 2024, 'C', 'Completed'),
(99,  30, 'Fall', 2024, 'B', 'Completed'),
(100, 3,  'Fall', 2024, 'A', 'Completed'),
(100, 10, 'Fall', 2024, 'B', 'Completed'),
(100, 17, 'Fall', 2024, 'A', 'Completed'),
(100, 21, 'Fall', 2024, 'B', 'Completed'),
(100, 30, 'Fall', 2024, 'C', 'Completed'),
(101, 3,  'Fall', 2024, 'C', 'Completed'),
(101, 8,  'Fall', 2024, 'D', 'Completed'),
(101, 16, 'Fall', 2024, NULL, 'Dropped'),
(101, 19, 'Fall', 2024, 'C', 'Completed'),
(102, 3,  'Fall', 2024, 'A', 'Completed'),
(102, 7,  'Fall', 2024, 'B', 'Completed'),
(102, 13, 'Fall', 2024, 'A', 'Completed'),
(102, 19, 'Fall', 2024, 'C', 'Completed'),
(103, 3,  'Fall', 2024, 'B', 'Completed'),
(103, 5,  'Fall', 2024, 'A', 'Completed'),
(103, 12, 'Fall', 2024, 'B', 'Completed'),
(103, 20, 'Fall', 2024, 'C', 'Completed'),
(103, 29, 'Fall', 2024, 'B', 'Completed'),
(104, 3,  'Fall', 2024, 'A', 'Completed'),
(104, 7,  'Fall', 2024, 'B', 'Completed'),
(104, 17, 'Fall', 2024, 'A', 'Completed'),
(104, 25, 'Fall', 2024, 'B', 'Completed'),
(104, 29, 'Fall', 2024, 'C', 'Completed'),
(105, 9,  'Fall', 2024, 'A', 'Completed'),
(105, 12, 'Fall', 2024, 'B', 'Completed'),
(105, 19, 'Fall', 2024, 'A', 'Completed'),
(105, 25, 'Fall', 2024, 'B', 'Completed'),
(106, 1,  'Fall', 2024, 'B', 'Completed'),
(106, 4,  'Fall', 2024, 'A', 'Completed'),
(106, 22, 'Fall', 2024, 'B', 'Completed'),
(106, 25, 'Fall', 2024, 'C', 'Completed'),
(107, 1,  'Fall', 2024, 'A', 'Completed'),
(107, 4,  'Fall', 2024, 'B', 'Completed'),
(107, 10, 'Fall', 2024, 'A', 'Completed'),
(107, 25, 'Fall', 2024, 'C', 'Completed'),
(108, 1,  'Fall', 2024, 'B', 'Completed'),
(108, 9,  'Fall', 2024, 'A', 'Completed'),
(108, 19, 'Fall', 2024, 'B', 'Completed'),
(108, 26, 'Fall', 2024, 'C', 'Completed'),
(109, 3,  'Fall', 2024, 'A', 'Completed'),
(109, 10, 'Fall', 2024, 'B', 'Completed'),
(109, 19, 'Fall', 2024, 'A', 'Completed'),
(109, 25, 'Fall', 2024, 'C', 'Completed'),
(110, 3,  'Fall', 2024, 'B', 'Completed'),
(110, 10, 'Fall', 2024, 'A', 'Completed'),
(110, 20, 'Fall', 2024, 'B', 'Completed'),
(110, 26, 'Fall', 2024, 'C', 'Completed');
GO

-- ─────────────────────────────────────────────
-- COHORT 5 | Students 111–120 | Fall 2025
-- Mix of Completed and Active
-- ─────────────────────────────────────────────
INSERT INTO dbo.Enrollments (StudentID, CourseID, Semester, Academic_Year, Grade, Status) VALUES
(111, 1,  'Fall', 2025, 'B', 'Completed'),
(111, 2,  'Fall', 2025, 'A', 'Completed'),
(111, 4,  'Fall', 2025, 'C', 'Completed'),
(111, 5,  'Fall', 2025, 'B', 'Completed'),
(111, 6,  'Fall', 2025, 'A', 'Completed'),
(112, 4,  'Fall', 2025, 'A', 'Completed'),
(112, 5,  'Fall', 2025, 'B', 'Completed'),
(112, 9,  'Fall', 2025, 'C', 'Completed'),
(112, 16, 'Fall', 2025, 'B', 'Completed'),
(112, 22, 'Fall', 2025, 'A', 'Completed'),
(113, 7,  'Fall', 2025, 'B', 'Completed'),
(113, 9,  'Fall', 2025, 'A', 'Completed'),
(113, 4,  'Fall', 2025, 'C', 'Completed'),
(113, 1,  'Fall', 2025, 'B', 'Completed'),
(113, 22, 'Fall', 2025, 'A', 'Completed'),
(113, 25, 'Fall', 2025, 'B', 'Completed'),
(114, 10, 'Fall', 2025, 'A', 'Completed'),
(114, 11, 'Fall', 2025, 'B', 'Completed'),
(114, 4,  'Fall', 2025, 'B', 'Completed'),
(114, 13, 'Fall', 2025, 'A', 'Completed'),
(114, 16, 'Fall', 2025, 'C', 'Completed'),
(115, 13, 'Fall', 2025, 'A', 'Completed'),
(115, 15, 'Fall', 2025, 'B', 'Completed'),
(115, 4,  'Fall', 2025, 'A', 'Completed'),
(115, 10, 'Fall', 2025, 'C', 'Completed'),
(115, 22, 'Fall', 2025, 'B', 'Completed'),
(116, 16, 'Fall', 2025, 'A', 'Completed'),
(116, 17, 'Fall', 2025, 'B', 'Completed'),
(116, 18, 'Fall', 2025, 'A', 'Completed'),
(116, 22, 'Fall', 2025, 'C', 'Completed'),
(116, 28, 'Fall', 2025, 'B', 'Completed'),
(117, 19, 'Fall', 2025, 'B', 'Completed'),
(117, 20, 'Fall', 2025, 'A', 'Completed'),
(117, 16, 'Fall', 2025, 'B', 'Completed'),
(117, 4,  'Fall', 2025, 'C', 'Completed'),
(117, 22, 'Fall', 2025, 'B', 'Completed'),
(118, 22, 'Fall', 2025, 'A', 'Completed'),
(118, 23, 'Fall', 2025, 'B', 'Completed'),
(118, 16, 'Fall', 2025, 'A', 'Completed'),
(118, 19, 'Fall', 2025, 'C', 'Completed'),
(118, 28, 'Fall', 2025, 'B', 'Completed'),
(119, 25, 'Fall', 2025, 'B', 'Completed'),
(119, 26, 'Fall', 2025, 'A', 'Completed'),
(119, 4,  'Fall', 2025, 'B', 'Completed'),
(119, 7,  'Fall', 2025, 'C', 'Completed'),
(119, 1,  'Fall', 2025, 'B', 'Completed'),
(120, 28, 'Fall', 2025, 'A', 'Completed'),
(120, 29, 'Fall', 2025, 'B', 'Completed'),
(120, 16, 'Fall', 2025, 'A', 'Completed'),
(120, 22, 'Fall', 2025, 'C', 'Completed'),
(120, 4,  'Fall', 2025, 'B', 'Completed');
GO

-- ─────────────────────────────────────────────
-- COHORT 5 | Students 111–120 | Spring 2026
-- Current semester - all Active, no grades
-- ─────────────────────────────────────────────
INSERT INTO dbo.Enrollments (StudentID, CourseID, Semester, Academic_Year, Grade, Status) VALUES
(111, 3,  'Spring', 2026, NULL, 'Active'),
(111, 7,  'Spring', 2026, NULL, 'Active'),
(111, 19, 'Spring', 2026, NULL, 'Active'),
(111, 22, 'Spring', 2026, NULL, 'Active'),
(111, 28, 'Spring', 2026, NULL, 'Active'),
(112, 7,  'Spring', 2026, NULL, 'Active'),
(112, 8,  'Spring', 2026, NULL, 'Active'),
(112, 13, 'Spring', 2026, NULL, 'Active'),
(112, 25, 'Spring', 2026, NULL, 'Active'),
(112, 29, 'Spring', 2026, NULL, 'Active'),
(113, 10, 'Spring', 2026, NULL, 'Active'),
(113, 13, 'Spring', 2026, NULL, 'Active'),
(113, 19, 'Spring', 2026, NULL, 'Active'),
(113, 28, 'Spring', 2026, NULL, 'Active'),
(114, 9,  'Spring', 2026, NULL, 'Active'),
(114, 14, 'Spring', 2026, NULL, 'Active'),
(114, 19, 'Spring', 2026, NULL, 'Active'),
(114, 25, 'Spring', 2026, NULL, 'Active'),
(114, 30, 'Spring', 2026, NULL, 'Active'),
(115, 7,  'Spring', 2026, NULL, 'Active'),
(115, 11, 'Spring', 2026, NULL, 'Active'),
(115, 17, 'Spring', 2026, NULL, 'Active'),
(115, 25, 'Spring', 2026, NULL, 'Active'),
(116, 20, 'Spring', 2026, NULL, 'Active'),
(116, 21, 'Spring', 2026, NULL, 'Active'),
(116, 29, 'Spring', 2026, NULL, 'Active'),
(116, 30, 'Spring', 2026, NULL, 'Active'),
(117, 22, 'Spring', 2026, NULL, 'Active'),
(117, 29, 'Spring', 2026, NULL, 'Active'),
(117, 30, 'Spring', 2026, NULL, 'Active'),
(117, 1,  'Spring', 2026, NULL, 'Active'),
(117, 7,  'Spring', 2026, NULL, 'Active'),
(118, 7,  'Spring', 2026, NULL, 'Active'),
(118, 13, 'Spring', 2026, NULL, 'Active'),
(118, 17, 'Spring', 2026, NULL, 'Active'),
(118, 25, 'Spring', 2026, NULL, 'Active'),
(118, 30, 'Spring', 2026, NULL, 'Active'),
(119, 8,  'Spring', 2026, NULL, 'Active'),
(119, 9,  'Spring', 2026, NULL, 'Active'),
(119, 16, 'Spring', 2026, NULL, 'Active'),
(119, 22, 'Spring', 2026, NULL, 'Active'),
(119, 28, 'Spring', 2026, NULL, 'Active'),
(120, 1,  'Spring', 2026, NULL, 'Active'),
(120, 7,  'Spring', 2026, NULL, 'Active'),
(120, 13, 'Spring', 2026, NULL, 'Active'),
(120, 19, 'Spring', 2026, NULL, 'Active'),
(120, 25, 'Spring', 2026, NULL, 'Active');
GO

-- =============================================
-- END OF SCRIPT
-- Total rows inserted:
--   Departments : 10
--   Instructors : 35
--   Courses     : 30
--   Students    : 150 (30 newly admitted with no enrollments)
--   Enrollments : ~900+
-- =============================================
